address,close,high,low,open,type,unixTime,volume,currency,timestamp
C1MHyoTJpRTeS9AQCyspNVu2EWAYCZwmJ1jNkEArFP1f,0.617056811459055,0.6196068344506996,0.6015580068244203,0.6107148305990625,4H,1757419200,18657.952630819003,usd,2025-09-09 12:00:00
C1MHyoTJpRTeS9AQCyspNVu2EWAYCZwmJ1jNkEArFP1f,0.59538267434941,1.7336135193175846,0.5770314332064247,0.617056811459055,4H,1757433600,3613780.3219711795,usd,2025-09-09 16:00:00
C1MHyoTJpRTeS9AQCyspNVu2EWAYCZwmJ1jNkEArFP1f,0.6148371451598956,0.6153353595373987,0.5806417342794482,0.59538267434941,4H,1757448000,185857.2147121492,usd,2025-09-09 20:00:00
C1MHyoTJpRTeS9AQCyspNVu2EWAYCZwmJ1jNkEArFP1f,0.6167415459780818,0.6219170265384454,0.5960557649470521,0.6148371451598956,4H,1757462400,153940.6377394581,usd,2025-09-10 00:00:00
C1MHyoTJpRTeS9AQCyspNVu2EWAYCZwmJ1jNkEArFP1f,0.6092978301512767,0.6180268090612928,0.602102031864386,0.6167415459780818,4H,1757476800,83640.12333473196,usd,2025-09-10 04:00:00
C1MHyoTJpRTeS9AQCyspNVu2EWAYCZwmJ1jNkEArFP1f,0.610760736246134,0.6138029050130315,0.6016835585380754,0.6092978301512767,4H,1757491200,85729.83772572309,usd,2025-09-10 08:00:00
C1MHyoTJpRTeS9AQCyspNVu2EWAYCZwmJ1jNkEArFP1f,0.6158478771202937,0.6211298822626482,0.6069309377836845,0.610760736246134,4H,1757505600,49194.76297250297,usd,2025-09-10 12:00:00
C1MHyoTJpRTeS9AQCyspNVu2EWAYCZwmJ1jNkEArFP1f,0.6105517892824559,0.6185975850151529,0.6032786324381374,0.6158478771202937,4H,1757520000,54260.375096837975,usd,2025-09-10 16:00:00
C1MHyoTJpRTeS9AQCyspNVu2EWAYCZwmJ1jNkEArFP1f,0.6097582139655385,0.6166504745740501,0.6068131443229831,0.6105517892824559,4H,1757534400,28403.173578932987,usd,2025-09-10 20:00:00
C1MHyoTJpRTeS9AQCyspNVu2EWAYCZwmJ1jNkEArFP1f,0.6156750194857992,0.618128833377591,0.6084306254545065,0.6097582139655385,4H,1757548800,11861.330691708008,usd,2025-09-11 00:00:00
C1MHyoTJpRTeS9AQCyspNVu2EWAYCZwmJ1jNkEArFP1f,0.6098657831757341,0.6166510274852003,0.604410613637855,0.6156750194857992,4H,1757563200,17805.342769033003,usd,2025-09-11 04:00:00
C1MHyoTJpRTeS9AQCyspNVu2EWAYCZwmJ1jNkEArFP1f,0.6084615004012617,0.6132567331723668,0.6064290429811808,0.6098657831757341,4H,1757577600,15768.903735898999,usd,2025-09-11 08:00:00
C1MHyoTJpRTeS9AQCyspNVu2EWAYCZwmJ1jNkEArFP1f,0.6000543936058519,0.6100814026933836,0.5946254079265373,0.6084615004012617,4H,1757592000,42203.64016515599,usd,2025-09-11 12:00:00
C1MHyoTJpRTeS9AQCyspNVu2EWAYCZwmJ1jNkEArFP1f,0.6049137614841285,0.608448241946446,0.5968595059262924,0.6000543936058519,4H,1757606400,25947.433296886007,usd,2025-09-11 16:00:00
C1MHyoTJpRTeS9AQCyspNVu2EWAYCZwmJ1jNkEArFP1f,0.6165810810507423,0.6165810810507423,0.6049137614841285,0.6049137614841285,4H,1757620800,8331.813160588003,usd,2025-09-11 20:00:00
C1MHyoTJpRTeS9AQCyspNVu2EWAYCZwmJ1jNkEArFP1f,0.6124180698207483,0.6253338964147934,0.6119467390324029,0.6165810810507423,4H,1757635200,27645.96523987101,usd,2025-09-12 00:00:00
C1MHyoTJpRTeS9AQCyspNVu2EWAYCZwmJ1jNkEArFP1f,0.6128621155338848,0.6166079981297824,0.6047691682117445,0.6124180698207483,4H,1757649600,34503.65684278597,usd,2025-09-12 04:00:00
C1MHyoTJpRTeS9AQCyspNVu2EWAYCZwmJ1jNkEArFP1f,0.6068573016150755,0.6128621155338848,0.6056554508721195,0.6128621155338848,4H,1757664000,13977.653951670998,usd,2025-09-12 08:00:00
C1MHyoTJpRTeS9AQCyspNVu2EWAYCZwmJ1jNkEArFP1f,0.6068915638315276,0.612689842013061,0.6028722605412656,0.6068573016150755,4H,1757678400,13342.145122166003,usd,2025-09-12 12:00:00
C1MHyoTJpRTeS9AQCyspNVu2EWAYCZwmJ1jNkEArFP1f,0.6217149468330497,0.6232546342877338,0.6035533678979078,0.6068915638315276,4H,1757692800,14015.124387905,usd,2025-09-12 16:00:00
C1MHyoTJpRTeS9AQCyspNVu2EWAYCZwmJ1jNkEArFP1f,0.6250138739909741,0.6251578447080417,0.6163634419177393,0.6217149468330497,4H,1757707200,26007.95011116201,usd,2025-09-12 20:00:00
C1MHyoTJpRTeS9AQCyspNVu2EWAYCZwmJ1jNkEArFP1f,0.6240189283889257,0.6274640280863908,0.6208201203308732,0.6250138739909741,4H,1757721600,7433.726586445997,usd,2025-09-13 00:00:00
C1MHyoTJpRTeS9AQCyspNVu2EWAYCZwmJ1jNkEArFP1f,0.624243908302097,0.6292863011525105,0.6226523981197502,0.6240189283889257,4H,1757736000,3553.8388270650007,usd,2025-09-13 04:00:00
C1MHyoTJpRTeS9AQCyspNVu2EWAYCZwmJ1jNkEArFP1f,0.6332323610423926,0.6335164228058011,0.6230667170881714,0.624243908302097,4H,1757750400,10586.292127738005,usd,2025-09-13 08:00:00
C1MHyoTJpRTeS9AQCyspNVu2EWAYCZwmJ1jNkEArFP1f,0.6250291105324269,0.6366528569493207,0.6195117944250709,0.6332323610423926,4H,1757764800,10039.106686244999,usd,2025-09-13 12:00:00
C1MHyoTJpRTeS9AQCyspNVu2EWAYCZwmJ1jNkEArFP1f,0.6233551453229167,0.6278157466719504,0.6196911467674546,0.6250291105324269,4H,1757779200,8576.953252263995,usd,2025-09-13 16:00:00
C1MHyoTJpRTeS9AQCyspNVu2EWAYCZwmJ1jNkEArFP1f,0.6272446333448697,0.6326349756664833,0.6233551453229167,0.6233551453229167,4H,1757793600,8931.2063723,usd,2025-09-13 20:00:00
C1MHyoTJpRTeS9AQCyspNVu2EWAYCZwmJ1jNkEArFP1f,0.6240566119885274,0.6288017173554424,0.6194555943939923,0.6272446333448697,4H,1757808000,22008.442617628996,usd,2025-09-14 00:00:00
C1MHyoTJpRTeS9AQCyspNVu2EWAYCZwmJ1jNkEArFP1f,0.6188129105464696,0.6240566119885274,0.6141558181914111,0.6240566119885274,4H,1757822400,8026.194166586003,usd,2025-09-14 04:00:00
C1MHyoTJpRTeS9AQCyspNVu2EWAYCZwmJ1jNkEArFP1f,0.6164143810257984,0.6211155727118185,0.6115487471810052,0.6188129105464696,4H,1757836800,4717.894657214004,usd,2025-09-14 08:00:00
C1MHyoTJpRTeS9AQCyspNVu2EWAYCZwmJ1jNkEArFP1f,0.6048596632304089,0.6164143810257984,0.6008886413798881,0.6164143810257984,4H,1757851200,6011.274053081002,usd,2025-09-14 12:00:00
C1MHyoTJpRTeS9AQCyspNVu2EWAYCZwmJ1jNkEArFP1f,0.6025028332485048,0.6123001966372336,0.6001923216813716,0.6048596632304089,4H,1757865600,15399.256296078995,usd,2025-09-14 16:00:00
C1MHyoTJpRTeS9AQCyspNVu2EWAYCZwmJ1jNkEArFP1f,0.6011342472719833,0.6070070940202561,0.5970580764948333,0.6025028332485048,4H,1757880000,9666.275180670002,usd,2025-09-14 20:00:00
C1MHyoTJpRTeS9AQCyspNVu2EWAYCZwmJ1jNkEArFP1f,0.6041937305633104,0.6041937305633104,0.5954029568723371,0.6011342472719833,4H,1757894400,5160.352249475,usd,2025-09-15 00:00:00
C1MHyoTJpRTeS9AQCyspNVu2EWAYCZwmJ1jNkEArFP1f,0.5902138722944145,0.6071578624541952,0.5902138722944145,0.6041937305633104,4H,1757908800,5787.38635302,usd,2025-09-15 04:00:00
C1MHyoTJpRTeS9AQCyspNVu2EWAYCZwmJ1jNkEArFP1f,0.5795199995598292,0.5906676838539818,0.5753032082665842,0.5902138722944145,4H,1757923200,13754.000443652,usd,2025-09-15 08:00:00
C1MHyoTJpRTeS9AQCyspNVu2EWAYCZwmJ1jNkEArFP1f,0.5740414680323728,0.5832160607635948,0.5688515648139254,0.5795199995598292,4H,1757937600,8039.265721514998,usd,2025-09-15 12:00:00
C1MHyoTJpRTeS9AQCyspNVu2EWAYCZwmJ1jNkEArFP1f,0.5734751547363288,0.5746277527055536,0.5671165424951006,0.5740414680323728,4H,1757952000,12806.057309574995,usd,2025-09-15 16:00:00
C1MHyoTJpRTeS9AQCyspNVu2EWAYCZwmJ1jNkEArFP1f,0.5776889209484275,0.5799254124733609,0.5721546732255798,0.5734751547363288,4H,1757966400,3962.3876094420007,usd,2025-09-15 20:00:00
C1MHyoTJpRTeS9AQCyspNVu2EWAYCZwmJ1jNkEArFP1f,0.5747809843332584,0.5813122123505541,0.5731596146741205,0.5776889209484275,4H,1757980800,13411.118441373997,usd,2025-09-16 00:00:00
C1MHyoTJpRTeS9AQCyspNVu2EWAYCZwmJ1jNkEArFP1f,0.5803989768813206,0.5803989768813206,0.5727371842330526,0.5747809843332584,4H,1757995200,3304.4312283999993,usd,2025-09-16 04:00:00
C1MHyoTJpRTeS9AQCyspNVu2EWAYCZwmJ1jNkEArFP1f,0.578841951386778,0.5803989768813206,0.5762044199042681,0.5803989768813206,4H,1758009600,2851.0410131260005,usd,2025-09-16 08:00:00
C1MHyoTJpRTeS9AQCyspNVu2EWAYCZwmJ1jNkEArFP1f,0.58631023499718,0.5883211485630058,0.5770038563897788,0.578841951386778,4H,1758024000,23242.675973576985,usd,2025-09-16 12:00:00
C1MHyoTJpRTeS9AQCyspNVu2EWAYCZwmJ1jNkEArFP1f,0.5845858239598443,0.5902797165179126,0.5805551735887133,0.58631023499718,4H,1758038400,11512.431289681994,usd,2025-09-16 16:00:00
C1MHyoTJpRTeS9AQCyspNVu2EWAYCZwmJ1jNkEArFP1f,0.5868165641783494,0.5921183127525406,0.5845858239598443,0.5845858239598443,4H,1758052800,6817.816144267997,usd,2025-09-16 20:00:00
C1MHyoTJpRTeS9AQCyspNVu2EWAYCZwmJ1jNkEArFP1f,0.5833399216995688,0.5907776080190509,0.5818701887877136,0.5868165641783494,4H,1758067200,7594.4424358430015,usd,2025-09-17 00:00:00
C1MHyoTJpRTeS9AQCyspNVu2EWAYCZwmJ1jNkEArFP1f,0.5831127439506191,0.5874773571884104,0.5792122441671959,0.5833399216995688,4H,1758081600,12128.551795869997,usd,2025-09-17 04:00:00
C1MHyoTJpRTeS9AQCyspNVu2EWAYCZwmJ1jNkEArFP1f,0.5760874231957251,0.5831127439506191,0.575952657210564,0.5831127439506191,4H,1758096000,7257.30112072601,usd,2025-09-17 08:00:00
C1MHyoTJpRTeS9AQCyspNVu2EWAYCZwmJ1jNkEArFP1f,0.5740735505812408,0.5826097002769957,0.5740735505812408,0.5760874231957251,4H,1758110400,8378.628472523998,usd,2025-09-17 12:00:00
C1MHyoTJpRTeS9AQCyspNVu2EWAYCZwmJ1jNkEArFP1f,0.5905086723733309,0.5907913915111879,0.5732471753676104,0.5740735505812408,4H,1758124800,11753.089492712,usd,2025-09-17 16:00:00
C1MHyoTJpRTeS9AQCyspNVu2EWAYCZwmJ1jNkEArFP1f,0.6035609000633673,0.6040746080218395,0.5855446900420772,0.5905086723733309,4H,1758139200,5950.962308407996,usd,2025-09-17 20:00:00
C1MHyoTJpRTeS9AQCyspNVu2EWAYCZwmJ1jNkEArFP1f,0.6018748972054356,0.6057360896892642,0.6001482558840282,0.6035609000633673,4H,1758153600,6638.277969469993,usd,2025-09-18 00:00:00
C1MHyoTJpRTeS9AQCyspNVu2EWAYCZwmJ1jNkEArFP1f,0.6003931747688813,0.6071462329864189,0.5985410977409363,0.6018748972054356,4H,1758168000,7322.926578592993,usd,2025-09-18 04:00:00
C1MHyoTJpRTeS9AQCyspNVu2EWAYCZwmJ1jNkEArFP1f,0.6006324595196558,0.6067296350607168,0.5997411936717478,0.6003931747688813,4H,1758182400,4019.573445808002,usd,2025-09-18 08:00:00
C1MHyoTJpRTeS9AQCyspNVu2EWAYCZwmJ1jNkEArFP1f,0.6050457266308026,0.609733474366988,0.5998981146071032,0.6006324595196558,4H,1758196800,7562.228420400994,usd,2025-09-18 12:00:00
C1MHyoTJpRTeS9AQCyspNVu2EWAYCZwmJ1jNkEArFP1f,0.6088001783696851,0.6120067638484245,0.604118953675146,0.6050457266308026,4H,1758211200,17352.684757778,usd,2025-09-18 16:00:00
C1MHyoTJpRTeS9AQCyspNVu2EWAYCZwmJ1jNkEArFP1f,0.607634575211676,0.6103321194178482,0.6022252726496888,0.6088001783696851,4H,1758225600,3128.4839060150007,usd,2025-09-18 20:00:00
C1MHyoTJpRTeS9AQCyspNVu2EWAYCZwmJ1jNkEArFP1f,0.599775665503105,0.6156874110784196,0.599775665503105,0.607634575211676,4H,1758240000,15005.801332542014,usd,2025-09-19 00:00:00
C1MHyoTJpRTeS9AQCyspNVu2EWAYCZwmJ1jNkEArFP1f,0.6034001574634881,0.6049666098132103,0.5940836981077908,0.599775665503105,4H,1758254400,6230.598943341001,usd,2025-09-19 04:00:00
C1MHyoTJpRTeS9AQCyspNVu2EWAYCZwmJ1jNkEArFP1f,0.596519833879541,0.6071204450417794,0.594565746857923,0.6034001574634881,4H,1758268800,4999.549605731998,usd,2025-09-19 08:00:00
C1MHyoTJpRTeS9AQCyspNVu2EWAYCZwmJ1jNkEArFP1f,0.5878496127371127,0.5998943727052057,0.5877967140055385,0.596519833879541,4H,1758283200,6523.777892232997,usd,2025-09-19 12:00:00
C1MHyoTJpRTeS9AQCyspNVu2EWAYCZwmJ1jNkEArFP1f,0.5909389376543408,0.5977029784991116,0.5853542817748668,0.5878496127371127,4H,1758297600,6238.8426965189965,usd,2025-09-19 16:00:00
C1MHyoTJpRTeS9AQCyspNVu2EWAYCZwmJ1jNkEArFP1f,0.5868768965388897,0.5936067812328103,0.584113571241834,0.5909389376543408,4H,1758312000,9039.279929361006,usd,2025-09-19 20:00:00
C1MHyoTJpRTeS9AQCyspNVu2EWAYCZwmJ1jNkEArFP1f,0.5912604676207474,0.5923230161718934,0.5823764218786914,0.5868768965388897,4H,1758326400,12106.688776839997,usd,2025-09-20 00:00:00
C1MHyoTJpRTeS9AQCyspNVu2EWAYCZwmJ1jNkEArFP1f,0.5928829754176511,0.5944824452092883,0.5881606851789164,0.5912604676207474,4H,1758340800,6072.328532162997,usd,2025-09-20 04:00:00
C1MHyoTJpRTeS9AQCyspNVu2EWAYCZwmJ1jNkEArFP1f,0.5914760110392681,0.5942969172721065,0.5876877576529528,0.5928829754176511,4H,1758355200,3395.5757166719977,usd,2025-09-20 08:00:00
C1MHyoTJpRTeS9AQCyspNVu2EWAYCZwmJ1jNkEArFP1f,0.5978285877341193,0.6013719215086657,0.5888648120195069,0.5914760110392681,4H,1758369600,9277.526899937995,usd,2025-09-20 12:00:00
C1MHyoTJpRTeS9AQCyspNVu2EWAYCZwmJ1jNkEArFP1f,0.5985661823814153,0.6007368596773911,0.5949830790616178,0.5978285877341193,4H,1758384000,2267.255668750999,usd,2025-09-20 16:00:00
C1MHyoTJpRTeS9AQCyspNVu2EWAYCZwmJ1jNkEArFP1f,0.596393939427141,0.6005556474502811,0.5962357611254214,0.5985661823814153,4H,1758398400,1056.2676663009995,usd,2025-09-20 20:00:00
C1MHyoTJpRTeS9AQCyspNVu2EWAYCZwmJ1jNkEArFP1f,0.602082851321459,0.6021557333321277,0.596393939427141,0.596393939427141,4H,1758412800,2237.4684859760014,usd,2025-09-21 00:00:00
C1MHyoTJpRTeS9AQCyspNVu2EWAYCZwmJ1jNkEArFP1f,0.6091293117132323,0.6114786835769751,0.5992441772189908,0.602082851321459,4H,1758427200,12254.480771525,usd,2025-09-21 04:00:00
C1MHyoTJpRTeS9AQCyspNVu2EWAYCZwmJ1jNkEArFP1f,0.5968969692388825,0.6091293117132323,0.5933176323708906,0.6091293117132323,4H,1758441600,10909.776017637998,usd,2025-09-21 08:00:00
C1MHyoTJpRTeS9AQCyspNVu2EWAYCZwmJ1jNkEArFP1f,0.5942021495695353,0.5990110277706018,0.5940300690719211,0.5968969692388825,4H,1758456000,2897.9253324600013,usd,2025-09-21 12:00:00
C1MHyoTJpRTeS9AQCyspNVu2EWAYCZwmJ1jNkEArFP1f,0.5958356809784824,0.5958356809784824,0.5910001401185345,0.5942021495695353,4H,1758470400,1238.0640903920003,usd,2025-09-21 16:00:00
C1MHyoTJpRTeS9AQCyspNVu2EWAYCZwmJ1jNkEArFP1f,0.5904205907619438,0.5971263837576805,0.5872880232145439,0.5958356809784824,4H,1758484800,4802.867489691997,usd,2025-09-21 20:00:00
C1MHyoTJpRTeS9AQCyspNVu2EWAYCZwmJ1jNkEArFP1f,0.5670898222319879,0.5907785968117889,0.5669499426677322,0.5904205907619438,4H,1758499200,15983.002529326004,usd,2025-09-22 00:00:00
C1MHyoTJpRTeS9AQCyspNVu2EWAYCZwmJ1jNkEArFP1f,0.5402854575964076,0.5710582113659487,0.5271667878920078,0.5670898222319879,4H,1758513600,39712.144285299,usd,2025-09-22 04:00:00
C1MHyoTJpRTeS9AQCyspNVu2EWAYCZwmJ1jNkEArFP1f,0.5345979254816299,0.5414771959192431,0.5330757743987052,0.5402854575964076,4H,1758528000,12177.660408955991,usd,2025-09-22 08:00:00
C1MHyoTJpRTeS9AQCyspNVu2EWAYCZwmJ1jNkEArFP1f,0.5389419790789013,0.5394409568981821,0.5310857281097715,0.5345979254816299,4H,1758542400,5372.458247131001,usd,2025-09-22 12:00:00
C1MHyoTJpRTeS9AQCyspNVu2EWAYCZwmJ1jNkEArFP1f,0.5230411997559402,0.5389419790789013,0.52237464200014,0.5389419790789013,4H,1758556800,3032.1041088910015,usd,2025-09-22 16:00:00
C1MHyoTJpRTeS9AQCyspNVu2EWAYCZwmJ1jNkEArFP1f,0.5343559486985727,0.5343559486985727,0.5220728825024589,0.5230411997559402,4H,1758571200,3360.5043730159996,usd,2025-09-22 20:00:00
C1MHyoTJpRTeS9AQCyspNVu2EWAYCZwmJ1jNkEArFP1f,0.5301366550585748,0.5343559486985727,0.5201034445031024,0.5343559486985727,4H,1758585600,7267.719079330994,usd,2025-09-23 00:00:00
C1MHyoTJpRTeS9AQCyspNVu2EWAYCZwmJ1jNkEArFP1f,0.539023415629232,0.539425433126425,0.5237085266092262,0.5301366550585748,4H,1758600000,5042.671999921,usd,2025-09-23 04:00:00
C1MHyoTJpRTeS9AQCyspNVu2EWAYCZwmJ1jNkEArFP1f,0.5396466897771878,0.5403737904486522,0.5345836265335283,0.539023415629232,4H,1758614400,2428.914037585,usd,2025-09-23 08:00:00
C1MHyoTJpRTeS9AQCyspNVu2EWAYCZwmJ1jNkEArFP1f,0.5459337360466087,0.5465908737782273,0.5371705004208797,0.5396466897771878,4H,1758628800,13058.127626249012,usd,2025-09-23 12:00:00
C1MHyoTJpRTeS9AQCyspNVu2EWAYCZwmJ1jNkEArFP1f,0.5346759991141968,0.5484083807000881,0.5328954791720487,0.5459337360466087,4H,1758643200,14167.813112328016,usd,2025-09-23 16:00:00
C1MHyoTJpRTeS9AQCyspNVu2EWAYCZwmJ1jNkEArFP1f,0.5341015570647032,0.5406473931887041,0.5316689222443501,0.5346759991141968,4H,1758657600,45216.75164936798,usd,2025-09-23 20:00:00
C1MHyoTJpRTeS9AQCyspNVu2EWAYCZwmJ1jNkEArFP1f,0.5318460582976205,0.5455204956713886,0.5278365216649403,0.5341015570647032,4H,1758672000,21360.146928327005,usd,2025-09-24 00:00:00
C1MHyoTJpRTeS9AQCyspNVu2EWAYCZwmJ1jNkEArFP1f,0.5397824400324265,0.5425008928648317,0.5216772580166273,0.5318460582976205,4H,1758686400,12108.361811807996,usd,2025-09-24 04:00:00
C1MHyoTJpRTeS9AQCyspNVu2EWAYCZwmJ1jNkEArFP1f,0.5447192017193002,0.5453102418588106,0.5375693205844253,0.5397824400324265,4H,1758700800,4510.958718101,usd,2025-09-24 08:00:00
C1MHyoTJpRTeS9AQCyspNVu2EWAYCZwmJ1jNkEArFP1f,0.5440882324546245,0.5532031828117433,0.5440882324546245,0.5447192017193002,4H,1758715200,14601.223955277996,usd,2025-09-24 12:00:00
C1MHyoTJpRTeS9AQCyspNVu2EWAYCZwmJ1jNkEArFP1f,0.5404222185259794,0.5501217443045961,0.5394819370515953,0.5440882324546245,4H,1758729600,5652.043913439996,usd,2025-09-24 16:00:00
C1MHyoTJpRTeS9AQCyspNVu2EWAYCZwmJ1jNkEArFP1f,0.5373228510839172,0.543596847370519,0.536241097293526,0.5404222185259794,4H,1758744000,7047.872586711996,usd,2025-09-24 20:00:00
C1MHyoTJpRTeS9AQCyspNVu2EWAYCZwmJ1jNkEArFP1f,0.5273020015143635,0.5417669397690933,0.5259683952856751,0.5373228510839172,4H,1758758400,6444.424653855994,usd,2025-09-25 00:00:00
C1MHyoTJpRTeS9AQCyspNVu2EWAYCZwmJ1jNkEArFP1f,0.5265078404925969,0.5299664052647477,0.52146439854524,0.5273020015143635,4H,1758772800,7473.485960965992,usd,2025-09-25 04:00:00
C1MHyoTJpRTeS9AQCyspNVu2EWAYCZwmJ1jNkEArFP1f,0.5211324290151454,0.5265078404925969,0.5187493673097209,0.5265078404925969,4H,1758787200,6192.899719133998,usd,2025-09-25 08:00:00
C1MHyoTJpRTeS9AQCyspNVu2EWAYCZwmJ1jNkEArFP1f,0.5252784978478393,0.5327838573588621,0.5124879103959153,0.5211324290151454,4H,1758801600,14624.887786009984,usd,2025-09-25 12:00:00
C1MHyoTJpRTeS9AQCyspNVu2EWAYCZwmJ1jNkEArFP1f,0.5127357462314711,0.5253517253837624,0.5014038532168734,0.5252784978478393,4H,1758816000,7967.838384178005,usd,2025-09-25 16:00:00
C1MHyoTJpRTeS9AQCyspNVu2EWAYCZwmJ1jNkEArFP1f,0.5049024549612241,0.5137306444176915,0.5005018503542087,0.5127357462314711,4H,1758830400,13203.049757847995,usd,2025-09-25 20:00:00
C1MHyoTJpRTeS9AQCyspNVu2EWAYCZwmJ1jNkEArFP1f,0.5145218796026542,0.5155158846959573,0.5049024549612241,0.5049024549612241,4H,1758844800,364.510465084,usd,2025-09-26 00:00:00
C1MHyoTJpRTeS9AQCyspNVu2EWAYCZwmJ1jNkEArFP1f,0.5111934323070947,0.5145218796026542,0.5106400154514609,0.5145218796026542,4H,1758859200,609.0907023509998,usd,2025-09-26 04:00:00
C1MHyoTJpRTeS9AQCyspNVu2EWAYCZwmJ1jNkEArFP1f,0.5103004358420681,0.51141707286267,0.5028847067044029,0.5111934323070947,4H,1758873600,3885.961224087999,usd,2025-09-26 08:00:00
C1MHyoTJpRTeS9AQCyspNVu2EWAYCZwmJ1jNkEArFP1f,0.5125671117421596,0.5168065393988364,0.50415409803062,0.5103004358420681,4H,1758888000,6367.847652231997,usd,2025-09-26 12:00:00
C1MHyoTJpRTeS9AQCyspNVu2EWAYCZwmJ1jNkEArFP1f,0.5249261108342697,0.5301444125214072,0.5125671117421596,0.5125671117421596,4H,1758902400,2484.067451369002,usd,2025-09-26 16:00:00
C1MHyoTJpRTeS9AQCyspNVu2EWAYCZwmJ1jNkEArFP1f,0.530671617358979,0.530671617358979,0.5207846569654074,0.5249261108342697,4H,1758916800,5631.285914329999,usd,2025-09-26 20:00:00
C1MHyoTJpRTeS9AQCyspNVu2EWAYCZwmJ1jNkEArFP1f,0.5254419250426958,0.5318912305770725,0.5252006176510395,0.530671617358979,4H,1758931200,4666.142793726006,usd,2025-09-27 00:00:00
C1MHyoTJpRTeS9AQCyspNVu2EWAYCZwmJ1jNkEArFP1f,0.5203419861396503,0.5257084792754766,0.5187642614212936,0.5254419250426958,4H,1758945600,1451.031152915,usd,2025-09-27 04:00:00
C1MHyoTJpRTeS9AQCyspNVu2EWAYCZwmJ1jNkEArFP1f,0.5202648162537294,0.5211556161423929,0.5168171230490746,0.5203419861396503,4H,1758960000,1254.0577104150002,usd,2025-09-27 08:00:00
C1MHyoTJpRTeS9AQCyspNVu2EWAYCZwmJ1jNkEArFP1f,0.5266789091131733,0.5394970364137517,0.5184043101663859,0.5202648162537294,4H,1758974400,21577.44688346701,usd,2025-09-27 12:00:00
C1MHyoTJpRTeS9AQCyspNVu2EWAYCZwmJ1jNkEArFP1f,0.5187465541983841,0.5266789091131733,0.5181639009548558,0.5266789091131733,4H,1758988800,1155.017009069,usd,2025-09-27 16:00:00
C1MHyoTJpRTeS9AQCyspNVu2EWAYCZwmJ1jNkEArFP1f,0.5238329760644537,0.5248149006338005,0.5187465541983841,0.5187465541983841,4H,1759003200,837.9763895149999,usd,2025-09-27 20:00:00
C1MHyoTJpRTeS9AQCyspNVu2EWAYCZwmJ1jNkEArFP1f,0.5235193455342515,0.5249404347575669,0.5221349363495514,0.5238329760644537,4H,1759017600,614.0699203720004,usd,2025-09-28 00:00:00
C1MHyoTJpRTeS9AQCyspNVu2EWAYCZwmJ1jNkEArFP1f,0.5186342644407201,0.5235193455342515,0.514924349038927,0.5235193455342515,4H,1759032000,5162.5955039909995,usd,2025-09-28 04:00:00
C1MHyoTJpRTeS9AQCyspNVu2EWAYCZwmJ1jNkEArFP1f,0.5132022498593041,0.5186342644407201,0.5132022498593041,0.5186342644407201,4H,1759046400,2729.383934815001,usd,2025-09-28 08:00:00
C1MHyoTJpRTeS9AQCyspNVu2EWAYCZwmJ1jNkEArFP1f,0.5187840276478184,0.5223727361147976,0.5064686902400596,0.5132022498593041,4H,1759060800,7340.875019230998,usd,2025-09-28 12:00:00
C1MHyoTJpRTeS9AQCyspNVu2EWAYCZwmJ1jNkEArFP1f,0.5240291127968552,0.5245512983824157,0.5187840276478184,0.5187840276478184,4H,1759075200,5065.886903146998,usd,2025-09-28 16:00:00
C1MHyoTJpRTeS9AQCyspNVu2EWAYCZwmJ1jNkEArFP1f,0.5332599227112333,0.5333078403393002,0.5234370388208748,0.5240291127968552,4H,1759089600,5941.065888814001,usd,2025-09-28 20:00:00
C1MHyoTJpRTeS9AQCyspNVu2EWAYCZwmJ1jNkEArFP1f,0.5246863322691162,0.5332599227112333,0.5238820023613336,0.5332599227112333,4H,1759104000,7177.108815986,usd,2025-09-29 00:00:00
C1MHyoTJpRTeS9AQCyspNVu2EWAYCZwmJ1jNkEArFP1f,0.5198526697211011,0.5255678833600012,0.5198526697211011,0.5246863322691162,4H,1759118400,1226.743922231,usd,2025-09-29 04:00:00
C1MHyoTJpRTeS9AQCyspNVu2EWAYCZwmJ1jNkEArFP1f,0.520009166236301,0.5283617926551327,0.5137697939002,0.5198526697211011,4H,1759132800,30121.91143664101,usd,2025-09-29 08:00:00
C1MHyoTJpRTeS9AQCyspNVu2EWAYCZwmJ1jNkEArFP1f,0.5234073709785488,0.5237762872897624,0.5163651792569104,0.520009166236301,4H,1759147200,32909.62161608002,usd,2025-09-29 12:00:00
C1MHyoTJpRTeS9AQCyspNVu2EWAYCZwmJ1jNkEArFP1f,0.524683435646161,0.5335314698668834,0.5144333511902283,0.5234073709785488,4H,1759161600,68554.94578846895,usd,2025-09-29 16:00:00
C1MHyoTJpRTeS9AQCyspNVu2EWAYCZwmJ1jNkEArFP1f,0.5313241632426056,0.5352932671693933,0.524683435646161,0.524683435646161,4H,1759176000,3920.7080477119985,usd,2025-09-29 20:00:00
C1MHyoTJpRTeS9AQCyspNVu2EWAYCZwmJ1jNkEArFP1f,0.5254635277235304,0.5313241632426056,0.5224454368791132,0.5313241632426056,4H,1759190400,7093.430100648001,usd,2025-09-30 00:00:00
C1MHyoTJpRTeS9AQCyspNVu2EWAYCZwmJ1jNkEArFP1f,0.5267241638156324,0.5330266037423558,0.5253646086598579,0.5254635277235304,4H,1759204800,9274.913921335,usd,2025-09-30 04:00:00
C1MHyoTJpRTeS9AQCyspNVu2EWAYCZwmJ1jNkEArFP1f,0.524961338005927,0.5321961540257552,0.524961338005927,0.5267241638156324,4H,1759219200,9613.394260606992,usd,2025-09-30 08:00:00
C1MHyoTJpRTeS9AQCyspNVu2EWAYCZwmJ1jNkEArFP1f,0.5261360215511697,0.5303563037178791,0.5221575898903875,0.524961338005927,4H,1759233600,9893.958908210003,usd,2025-09-30 12:00:00
C1MHyoTJpRTeS9AQCyspNVu2EWAYCZwmJ1jNkEArFP1f,0.5293507475422736,0.5338227021696542,0.5253672202966314,0.5261360215511697,4H,1759248000,22535.445492369006,usd,2025-09-30 16:00:00
C1MHyoTJpRTeS9AQCyspNVu2EWAYCZwmJ1jNkEArFP1f,0.532198412525732,0.5383759217310069,0.5271284453092925,0.5293507475422736,4H,1759262400,5485.658278910996,usd,2025-09-30 20:00:00
C1MHyoTJpRTeS9AQCyspNVu2EWAYCZwmJ1jNkEArFP1f,0.5296512778850893,0.5393498632845198,0.5269567147486752,0.532198412525732,4H,1759276800,10478.479190963004,usd,2025-10-01 00:00:00
C1MHyoTJpRTeS9AQCyspNVu2EWAYCZwmJ1jNkEArFP1f,0.5327301199017508,0.5358931444881979,0.5295225335882597,0.5296512778850893,4H,1759291200,5629.993551760001,usd,2025-10-01 04:00:00
C1MHyoTJpRTeS9AQCyspNVu2EWAYCZwmJ1jNkEArFP1f,0.5490785305009158,0.5522507990059062,0.5313782851848923,0.5327301199017508,4H,1759305600,4362.464289149,usd,2025-10-01 08:00:00
C1MHyoTJpRTeS9AQCyspNVu2EWAYCZwmJ1jNkEArFP1f,0.5470481217432552,0.5514941000109177,0.5457904500718002,0.5490785305009158,4H,1759320000,10465.396277207992,usd,2025-10-01 12:00:00
C1MHyoTJpRTeS9AQCyspNVu2EWAYCZwmJ1jNkEArFP1f,0.553241930601379,0.5542355718669583,0.5417787278344842,0.5470481217432552,4H,1759334400,14090.187815074003,usd,2025-10-01 16:00:00
C1MHyoTJpRTeS9AQCyspNVu2EWAYCZwmJ1jNkEArFP1f,0.561694571549369,0.562020726428439,0.553241930601379,0.553241930601379,4H,1759348800,8397.197668847999,usd,2025-10-01 20:00:00
C1MHyoTJpRTeS9AQCyspNVu2EWAYCZwmJ1jNkEArFP1f,0.5620516990273021,0.5663331476695598,0.5567534825710767,0.561694571549369,4H,1759363200,15438.471194015003,usd,2025-10-02 00:00:00
C1MHyoTJpRTeS9AQCyspNVu2EWAYCZwmJ1jNkEArFP1f,0.5540877536696324,0.5620516990273021,0.5540877536696324,0.5620516990273021,4H,1759377600,5033.419641129997,usd,2025-10-02 04:00:00
C1MHyoTJpRTeS9AQCyspNVu2EWAYCZwmJ1jNkEArFP1f,0.5557615044101967,0.5591501150327531,0.554012254018537,0.5540877536696324,4H,1759392000,4445.077286281001,usd,2025-10-02 08:00:00
C1MHyoTJpRTeS9AQCyspNVu2EWAYCZwmJ1jNkEArFP1f,0.5536326392016847,0.5591557914881242,0.5486922619584345,0.5557615044101967,4H,1759406400,10245.652514918,usd,2025-10-02 12:00:00
C1MHyoTJpRTeS9AQCyspNVu2EWAYCZwmJ1jNkEArFP1f,0.5671938702395206,0.568543189763167,0.5536326392016847,0.5536326392016847,4H,1759420800,7550.279522227999,usd,2025-10-02 16:00:00
C1MHyoTJpRTeS9AQCyspNVu2EWAYCZwmJ1jNkEArFP1f,0.5674861573104738,0.5681023862291572,0.5628868836453589,0.5671938702395206,4H,1759435200,8819.072979157007,usd,2025-10-02 20:00:00
C1MHyoTJpRTeS9AQCyspNVu2EWAYCZwmJ1jNkEArFP1f,0.5560675702780884,0.5674861573104738,0.5560675702780884,0.5674861573104738,4H,1759449600,5683.795212487,usd,2025-10-03 00:00:00
C1MHyoTJpRTeS9AQCyspNVu2EWAYCZwmJ1jNkEArFP1f,0.5538750458762398,0.5583734626549148,0.5508893277907234,0.5560675702780884,4H,1759464000,9126.141001050992,usd,2025-10-03 04:00:00
C1MHyoTJpRTeS9AQCyspNVu2EWAYCZwmJ1jNkEArFP1f,0.5537880939798002,0.559702232243343,0.5537880939798002,0.5538750458762398,4H,1759478400,1824.273119922,usd,2025-10-03 08:00:00
C1MHyoTJpRTeS9AQCyspNVu2EWAYCZwmJ1jNkEArFP1f,0.5628914214670045,0.5628914214670045,0.5520827352569049,0.5537880939798002,4H,1759492800,58878.85063037594,usd,2025-10-03 12:00:00
C1MHyoTJpRTeS9AQCyspNVu2EWAYCZwmJ1jNkEArFP1f,0.5716774744487175,0.5750365380378726,0.5564018708451541,0.5628914214670045,4H,1759507200,14838.367559179997,usd,2025-10-03 16:00:00
C1MHyoTJpRTeS9AQCyspNVu2EWAYCZwmJ1jNkEArFP1f,0.5790119649668511,0.5836542028281312,0.5713456514698456,0.5716774744487175,4H,1759521600,25560.108286287978,usd,2025-10-03 20:00:00
C1MHyoTJpRTeS9AQCyspNVu2EWAYCZwmJ1jNkEArFP1f,0.5672686190913083,0.5796715009862766,0.5667696869413638,0.5790119649668511,4H,1759536000,18269.915533573007,usd,2025-10-04 00:00:00
C1MHyoTJpRTeS9AQCyspNVu2EWAYCZwmJ1jNkEArFP1f,0.5710921080721812,0.5730219014880102,0.5669167827919225,0.5672686190913083,4H,1759550400,4079.4152736220017,usd,2025-10-04 04:00:00
C1MHyoTJpRTeS9AQCyspNVu2EWAYCZwmJ1jNkEArFP1f,0.5613552167797201,0.5710921080721812,0.5601706464277517,0.5710921080721812,4H,1759564800,8861.104576604,usd,2025-10-04 08:00:00
C1MHyoTJpRTeS9AQCyspNVu2EWAYCZwmJ1jNkEArFP1f,0.558431880653886,0.5723028002837591,0.5539171845659225,0.5613552167797201,4H,1759579200,58326.292314639,usd,2025-10-04 12:00:00
C1MHyoTJpRTeS9AQCyspNVu2EWAYCZwmJ1jNkEArFP1f,0.5616499648207496,0.5640621749811127,0.5574290267683287,0.558431880653886,4H,1759593600,3087.5462559270004,usd,2025-10-04 16:00:00
C1MHyoTJpRTeS9AQCyspNVu2EWAYCZwmJ1jNkEArFP1f,0.5636980658062986,0.5656006546919758,0.5616499648207496,0.5616499648207496,4H,1759608000,704.987887156,usd,2025-10-04 20:00:00
C1MHyoTJpRTeS9AQCyspNVu2EWAYCZwmJ1jNkEArFP1f,0.5709190640681032,0.5744075018165197,0.561310239166136,0.5636980658062986,4H,1759622400,3413.719351335999,usd,2025-10-05 00:00:00
C1MHyoTJpRTeS9AQCyspNVu2EWAYCZwmJ1jNkEArFP1f,0.5778644558889593,0.5778644558889593,0.56881917521127,0.5709190640681032,4H,1759636800,9718.989919815001,usd,2025-10-05 04:00:00
C1MHyoTJpRTeS9AQCyspNVu2EWAYCZwmJ1jNkEArFP1f,0.5712784238608624,0.5793063272149845,0.5698915011279697,0.5778644558889593,4H,1759651200,8364.050933677998,usd,2025-10-05 08:00:00
C1MHyoTJpRTeS9AQCyspNVu2EWAYCZwmJ1jNkEArFP1f,0.5685137667402256,0.5727889489922137,0.5654526412670977,0.5712784238608624,4H,1759665600,1209.4293482510002,usd,2025-10-05 12:00:00
C1MHyoTJpRTeS9AQCyspNVu2EWAYCZwmJ1jNkEArFP1f,0.5628875314514493,0.5707740212897782,0.5625165621198782,0.5685137667402256,4H,1759680000,3852.2313906369995,usd,2025-10-05 16:00:00
C1MHyoTJpRTeS9AQCyspNVu2EWAYCZwmJ1jNkEArFP1f,0.5604133672824624,0.5628875314514493,0.5584018808783768,0.5628875314514493,4H,1759694400,1487.4505585289996,usd,2025-10-05 20:00:00
C1MHyoTJpRTeS9AQCyspNVu2EWAYCZwmJ1jNkEArFP1f,0.5643003219832907,0.5654352983127466,0.5590551979613952,0.5604133672824624,4H,1759708800,7172.202934328,usd,2025-10-06 00:00:00
C1MHyoTJpRTeS9AQCyspNVu2EWAYCZwmJ1jNkEArFP1f,0.5617796943457026,0.5655505427276833,0.5575662429805881,0.5643003219832907,4H,1759723200,4562.443506383001,usd,2025-10-06 04:00:00
C1MHyoTJpRTeS9AQCyspNVu2EWAYCZwmJ1jNkEArFP1f,0.5638920549234153,0.5654640903439127,0.5617796943457026,0.5617796943457026,4H,1759737600,3220.0574248670005,usd,2025-10-06 08:00:00
C1MHyoTJpRTeS9AQCyspNVu2EWAYCZwmJ1jNkEArFP1f,0.5737053981343112,0.5744713147398927,0.5638920549234153,0.5638920549234153,4H,1759752000,6813.321046467,usd,2025-10-06 12:00:00
C1MHyoTJpRTeS9AQCyspNVu2EWAYCZwmJ1jNkEArFP1f,0.5816589206839946,0.5832968924975849,0.5737053981343112,0.5737053981343112,4H,1759766400,5192.594881285999,usd,2025-10-06 16:00:00
C1MHyoTJpRTeS9AQCyspNVu2EWAYCZwmJ1jNkEArFP1f,0.5789581729013211,0.5816589206839946,0.5753736819107875,0.5816589206839946,4H,1759780800,2246.5964284750003,usd,2025-10-06 20:00:00
C1MHyoTJpRTeS9AQCyspNVu2EWAYCZwmJ1jNkEArFP1f,0.570622491233665,0.5789581729013211,0.5678400505674884,0.5789581729013211,4H,1759795200,12977.089308013003,usd,2025-10-07 00:00:00
C1MHyoTJpRTeS9AQCyspNVu2EWAYCZwmJ1jNkEArFP1f,0.5686783469712806,0.5773218970640335,0.5667227149274007,0.570622491233665,4H,1759809600,8511.553445698,usd,2025-10-07 04:00:00
C1MHyoTJpRTeS9AQCyspNVu2EWAYCZwmJ1jNkEArFP1f,0.5708102289171003,0.5710494636306431,0.5652583005981914,0.5686783469712806,4H,1759824000,2674.934220068,usd,2025-10-07 08:00:00
C1MHyoTJpRTeS9AQCyspNVu2EWAYCZwmJ1jNkEArFP1f,0.5521391456561614,0.5713928310940649,0.550058881413042,0.5708102289171003,4H,1759838400,13379.531400177999,usd,2025-10-07 12:00:00
C1MHyoTJpRTeS9AQCyspNVu2EWAYCZwmJ1jNkEArFP1f,0.5521994261565661,0.55551866067687,0.5469548844313682,0.5521391456561614,4H,1759852800,22565.020553355003,usd,2025-10-07 16:00:00
C1MHyoTJpRTeS9AQCyspNVu2EWAYCZwmJ1jNkEArFP1f,0.5535968054112621,0.5602609461287524,0.5521994261565661,0.5521994261565661,4H,1759867200,3436.1508248140003,usd,2025-10-07 20:00:00
C1MHyoTJpRTeS9AQCyspNVu2EWAYCZwmJ1jNkEArFP1f,0.5505009346618331,0.5630142278931306,0.5499446794350465,0.5535968054112621,4H,1759881600,5166.586051956,usd,2025-10-08 00:00:00
C1MHyoTJpRTeS9AQCyspNVu2EWAYCZwmJ1jNkEArFP1f,0.5542973969286084,0.5563874621755154,0.5505009346618331,0.5505009346618331,4H,1759896000,4576.619464178002,usd,2025-10-08 04:00:00
C1MHyoTJpRTeS9AQCyspNVu2EWAYCZwmJ1jNkEArFP1f,0.5555703160940773,0.5575351445417991,0.5542106836222247,0.5542973969286084,4H,1759910400,2064.899686425,usd,2025-10-08 08:00:00
C1MHyoTJpRTeS9AQCyspNVu2EWAYCZwmJ1jNkEArFP1f,0.5593789659803037,0.56007419955173,0.5514271680219,0.5555703160940773,4H,1759924800,7961.934222563998,usd,2025-10-08 12:00:00
C1MHyoTJpRTeS9AQCyspNVu2EWAYCZwmJ1jNkEArFP1f,0.5844087729453349,0.5921437619254936,0.5590229699454912,0.5593789659803037,4H,1759939200,24676.142404237013,usd,2025-10-08 16:00:00
C1MHyoTJpRTeS9AQCyspNVu2EWAYCZwmJ1jNkEArFP1f,0.5797472222004124,0.5872760656248601,0.5785105803676038,0.5844087729453349,4H,1759953600,6162.8430653919995,usd,2025-10-08 20:00:00
C1MHyoTJpRTeS9AQCyspNVu2EWAYCZwmJ1jNkEArFP1f,0.5673548692804574,0.5797472222004124,0.5658727556734334,0.5797472222004124,4H,1759968000,11398.501684547999,usd,2025-10-09 00:00:00
C1MHyoTJpRTeS9AQCyspNVu2EWAYCZwmJ1jNkEArFP1f,0.5663008226022499,0.5721849572671807,0.5629219931095668,0.5673548692804574,4H,1759982400,11634.546897892995,usd,2025-10-09 04:00:00
C1MHyoTJpRTeS9AQCyspNVu2EWAYCZwmJ1jNkEArFP1f,0.55910460778945,0.5663008226022499,0.5550177468346478,0.5663008226022499,4H,1759996800,8012.144799989998,usd,2025-10-09 08:00:00
C1MHyoTJpRTeS9AQCyspNVu2EWAYCZwmJ1jNkEArFP1f,0.5510943583254942,0.5640725352190583,0.5500214503132764,0.55910460778945,4H,1760011200,7837.507470429,usd,2025-10-09 12:00:00
C1MHyoTJpRTeS9AQCyspNVu2EWAYCZwmJ1jNkEArFP1f,0.5581385950618274,0.5594542119267246,0.5471912623017887,0.5510943583254942,4H,1760025600,13554.844033850002,usd,2025-10-09 16:00:00
C1MHyoTJpRTeS9AQCyspNVu2EWAYCZwmJ1jNkEArFP1f,0.5651394624073642,0.565302141669653,0.5568019237503575,0.5581385950618274,4H,1760040000,10392.944455903002,usd,2025-10-09 20:00:00
C1MHyoTJpRTeS9AQCyspNVu2EWAYCZwmJ1jNkEArFP1f,0.5726277612018912,0.5731812700425242,0.5646752997316817,0.5651394624073642,4H,1760054400,4316.478444254999,usd,2025-10-10 00:00:00
C1MHyoTJpRTeS9AQCyspNVu2EWAYCZwmJ1jNkEArFP1f,0.5700123311004631,0.5754474485015214,0.5690443772975887,0.5726277612018912,4H,1760068800,10735.676755103003,usd,2025-10-10 04:00:00
C1MHyoTJpRTeS9AQCyspNVu2EWAYCZwmJ1jNkEArFP1f,0.5847204615503124,0.5847204615503124,0.5700123311004631,0.5700123311004631,4H,1760083200,6866.508925684001,usd,2025-10-10 08:00:00
C1MHyoTJpRTeS9AQCyspNVu2EWAYCZwmJ1jNkEArFP1f,0.5509887881181779,0.5849446961880886,0.5509887881181779,0.5847204615503124,4H,1760097600,16381.032642551005,usd,2025-10-10 12:00:00
C1MHyoTJpRTeS9AQCyspNVu2EWAYCZwmJ1jNkEArFP1f,0.5385992357943141,0.5509887881181779,0.5373017629516217,0.5509887881181779,4H,1760112000,7861.198648255001,usd,2025-10-10 16:00:00
C1MHyoTJpRTeS9AQCyspNVu2EWAYCZwmJ1jNkEArFP1f,0.3844597736539447,0.5385992357943141,0.3583757528353914,0.5385992357943141,4H,1760126400,549339.340487554,usd,2025-10-10 20:00:00
C1MHyoTJpRTeS9AQCyspNVu2EWAYCZwmJ1jNkEArFP1f,0.36653306997210816,0.3985895058072199,0.35989273457772314,0.3844597736539447,4H,1760140800,275735.7841973956,usd,2025-10-11 00:00:00
C1MHyoTJpRTeS9AQCyspNVu2EWAYCZwmJ1jNkEArFP1f,0.3693587592744596,0.37350751550750627,0.36164761658791195,0.36653306997210816,4H,1760155200,66469.35712735703,usd,2025-10-11 04:00:00
C1MHyoTJpRTeS9AQCyspNVu2EWAYCZwmJ1jNkEArFP1f,0.3768478521573825,0.38295893400380165,0.3687498265942316,0.3693587592744596,4H,1760169600,32684.089835663992,usd,2025-10-11 08:00:00
C1MHyoTJpRTeS9AQCyspNVu2EWAYCZwmJ1jNkEArFP1f,0.3784164536771762,0.38154430801853756,0.36841265144348023,0.3768478521573825,4H,1760184000,29391.197987488005,usd,2025-10-11 12:00:00
C1MHyoTJpRTeS9AQCyspNVu2EWAYCZwmJ1jNkEArFP1f,0.3658015434842594,0.3812780282294406,0.3658015434842594,0.3784164536771762,4H,1760198400,22991.562713590993,usd,2025-10-11 16:00:00
C1MHyoTJpRTeS9AQCyspNVu2EWAYCZwmJ1jNkEArFP1f,0.3649929632651206,0.3658015434842594,0.3552274439285277,0.3658015434842594,4H,1760212800,12478.859524403,usd,2025-10-11 20:00:00
C1MHyoTJpRTeS9AQCyspNVu2EWAYCZwmJ1jNkEArFP1f,0.37240845072798884,0.3739344430729248,0.364187524130654,0.3649929632651206,4H,1760227200,37301.71907923197,usd,2025-10-12 00:00:00
C1MHyoTJpRTeS9AQCyspNVu2EWAYCZwmJ1jNkEArFP1f,0.3918304057567001,0.39837509987726116,0.37240845072798884,0.37240845072798884,4H,1760241600,68754.32433140503,usd,2025-10-12 04:00:00
C1MHyoTJpRTeS9AQCyspNVu2EWAYCZwmJ1jNkEArFP1f,0.38341006475893163,0.39298279647367945,0.3821013237847423,0.3918304057567001,4H,1760256000,16794.507833970005,usd,2025-10-12 08:00:00
C1MHyoTJpRTeS9AQCyspNVu2EWAYCZwmJ1jNkEArFP1f,0.41055795334371326,0.4123813655188469,0.38098000371552726,0.38341006475893163,4H,1760270400,38490.35888429797,usd,2025-10-12 12:00:00
C1MHyoTJpRTeS9AQCyspNVu2EWAYCZwmJ1jNkEArFP1f,0.43275738968453775,0.4359658486492592,0.41055795334371326,0.41055795334371326,4H,1760284800,55872.50580856305,usd,2025-10-12 16:00:00
C1MHyoTJpRTeS9AQCyspNVu2EWAYCZwmJ1jNkEArFP1f,0.4296498049315803,0.43665725210682765,0.4218416007115223,0.43275738968453775,4H,1760299200,36264.84023343499,usd,2025-10-12 20:00:00
C1MHyoTJpRTeS9AQCyspNVu2EWAYCZwmJ1jNkEArFP1f,0.4284224405309913,0.43683220185599597,0.42603707168057653,0.4296498049315803,4H,1760313600,17179.17064807601,usd,2025-10-13 00:00:00
C1MHyoTJpRTeS9AQCyspNVu2EWAYCZwmJ1jNkEArFP1f,0.43350993900254675,0.4403770914304673,0.42791374735216436,0.4284224405309913,4H,1760328000,29768.325327484006,usd,2025-10-13 04:00:00
C1MHyoTJpRTeS9AQCyspNVu2EWAYCZwmJ1jNkEArFP1f,0.4322111870625801,0.4426817098608095,0.427311118265052,0.43350993900254675,4H,1760342400,35082.24517272902,usd,2025-10-13 08:00:00
C1MHyoTJpRTeS9AQCyspNVu2EWAYCZwmJ1jNkEArFP1f,0.4321920181608,0.4411722642600041,0.42542048879536754,0.4322111870625801,4H,1760356800,39147.690040707035,usd,2025-10-13 12:00:00
C1MHyoTJpRTeS9AQCyspNVu2EWAYCZwmJ1jNkEArFP1f,0.44542601038052776,0.4462479414271219,0.4297664889933544,0.4321920181608,4H,1760371200,28109.740269607002,usd,2025-10-13 16:00:00
C1MHyoTJpRTeS9AQCyspNVu2EWAYCZwmJ1jNkEArFP1f,0.45078607127780584,0.45078607127780584,0.44208453640494366,0.44542601038052776,4H,1760385600,12814.945619168007,usd,2025-10-13 20:00:00
C1MHyoTJpRTeS9AQCyspNVu2EWAYCZwmJ1jNkEArFP1f,0.4330968021511834,0.4541772300297784,0.43284543545183823,0.45078607127780584,4H,1760400000,36217.766918571986,usd,2025-10-14 00:00:00
C1MHyoTJpRTeS9AQCyspNVu2EWAYCZwmJ1jNkEArFP1f,0.40553482002943314,0.43368662099101013,0.4003253246541845,0.4330968021511834,4H,1760414400,23234.619591410978,usd,2025-10-14 04:00:00
C1MHyoTJpRTeS9AQCyspNVu2EWAYCZwmJ1jNkEArFP1f,0.40753159464773864,0.41201091293408343,0.3991915218158757,0.40553482002943314,4H,1760428800,19878.944779379006,usd,2025-10-14 08:00:00
C1MHyoTJpRTeS9AQCyspNVu2EWAYCZwmJ1jNkEArFP1f,0.42117811855973425,0.42117811855973425,0.398238597449948,0.40753159464773864,4H,1760443200,4383.7198884829995,usd,2025-10-14 12:00:00
C1MHyoTJpRTeS9AQCyspNVu2EWAYCZwmJ1jNkEArFP1f,0.41951005472587605,0.4268019380711833,0.41586561579669457,0.42117811855973425,4H,1760457600,15203.44740788201,usd,2025-10-14 16:00:00
C1MHyoTJpRTeS9AQCyspNVu2EWAYCZwmJ1jNkEArFP1f,0.4248252875787258,0.42606302851261096,0.417340409394308,0.41951005472587605,4H,1760472000,5599.767517028001,usd,2025-10-14 20:00:00
C1MHyoTJpRTeS9AQCyspNVu2EWAYCZwmJ1jNkEArFP1f,0.42548834212150116,0.4322719228006423,0.42123209969873426,0.4248252875787258,4H,1760486400,34809.89509132,usd,2025-10-15 00:00:00
C1MHyoTJpRTeS9AQCyspNVu2EWAYCZwmJ1jNkEArFP1f,0.42932287118008033,0.4326321776926173,0.4243323285557896,0.42548834212150116,4H,1760500800,5750.518041609997,usd,2025-10-15 04:00:00
C1MHyoTJpRTeS9AQCyspNVu2EWAYCZwmJ1jNkEArFP1f,0.42048244138249813,0.4371606793901959,0.42048244138249813,0.42932287118008033,4H,1760515200,16362.782070924004,usd,2025-10-15 08:00:00
C1MHyoTJpRTeS9AQCyspNVu2EWAYCZwmJ1jNkEArFP1f,0.40588795754196677,0.4205843158622267,0.40400794224908293,0.42048244138249813,4H,1760529600,27591.228102408026,usd,2025-10-15 12:00:00
C1MHyoTJpRTeS9AQCyspNVu2EWAYCZwmJ1jNkEArFP1f,0.4057803365441788,0.40881116275813645,0.4029732481459741,0.40588795754196677,4H,1760544000,10359.431157904004,usd,2025-10-15 16:00:00
C1MHyoTJpRTeS9AQCyspNVu2EWAYCZwmJ1jNkEArFP1f,0.402433036473886,0.4057803365441788,0.396284115235641,0.4057803365441788,4H,1760558400,68144.24480284903,usd,2025-10-15 20:00:00
C1MHyoTJpRTeS9AQCyspNVu2EWAYCZwmJ1jNkEArFP1f,0.40722288821929814,0.40918937637714164,0.4006725572991754,0.402433036473886,4H,1760572800,20022.188286651006,usd,2025-10-16 00:00:00
C1MHyoTJpRTeS9AQCyspNVu2EWAYCZwmJ1jNkEArFP1f,0.41047604567802304,0.41197349982954407,0.4043013427444017,0.40722288821929814,4H,1760587200,17873.997930657002,usd,2025-10-16 04:00:00
C1MHyoTJpRTeS9AQCyspNVu2EWAYCZwmJ1jNkEArFP1f,0.41394531467897705,0.41662120493869,0.4046127841418299,0.41047604567802304,4H,1760601600,30493.787949854,usd,2025-10-16 08:00:00
C1MHyoTJpRTeS9AQCyspNVu2EWAYCZwmJ1jNkEArFP1f,0.39547528116879505,0.4165794933380332,0.39412776158956137,0.41394531467897705,4H,1760616000,33331.77775650502,usd,2025-10-16 12:00:00
C1MHyoTJpRTeS9AQCyspNVu2EWAYCZwmJ1jNkEArFP1f,0.4000240767872005,0.4041054375126182,0.3922902986534548,0.39547528116879505,4H,1760630400,6055.614701834,usd,2025-10-16 16:00:00
C1MHyoTJpRTeS9AQCyspNVu2EWAYCZwmJ1jNkEArFP1f,0.38940179518459844,0.4000240767872005,0.3892092287618318,0.4000240767872005,4H,1760644800,1122.598887769,usd,2025-10-16 20:00:00
C1MHyoTJpRTeS9AQCyspNVu2EWAYCZwmJ1jNkEArFP1f,0.40038514570892236,0.40068101483114044,0.38940179518459844,0.38940179518459844,4H,1760659200,9854.462451644002,usd,2025-10-17 00:00:00
C1MHyoTJpRTeS9AQCyspNVu2EWAYCZwmJ1jNkEArFP1f,0.3905217127640985,0.40984339948980325,0.3806961488072226,0.40038514570892236,4H,1760673600,82375.31583294396,usd,2025-10-17 04:00:00
C1MHyoTJpRTeS9AQCyspNVu2EWAYCZwmJ1jNkEArFP1f,0.38821038074827996,0.3958379364084509,0.3770835814247195,0.3905217127640985,4H,1760688000,65191.02873081501,usd,2025-10-17 08:00:00
C1MHyoTJpRTeS9AQCyspNVu2EWAYCZwmJ1jNkEArFP1f,0.3793043882753142,0.3902767730644181,0.371955596516186,0.38821038074827996,4H,1760702400,32222.026347425006,usd,2025-10-17 12:00:00
C1MHyoTJpRTeS9AQCyspNVu2EWAYCZwmJ1jNkEArFP1f,0.38708769062185977,0.39001380230979976,0.3793043882753142,0.3793043882753142,4H,1760716800,13840.218572363998,usd,2025-10-17 16:00:00
C1MHyoTJpRTeS9AQCyspNVu2EWAYCZwmJ1jNkEArFP1f,0.38568479529812344,0.3927612041396078,0.3844166171919949,0.38708769062185977,4H,1760731200,9477.990782732,usd,2025-10-17 20:00:00
C1MHyoTJpRTeS9AQCyspNVu2EWAYCZwmJ1jNkEArFP1f,0.39147844803958,0.39147844803958,0.38565377486285307,0.38568479529812344,4H,1760745600,2362.421287529001,usd,2025-10-18 00:00:00
C1MHyoTJpRTeS9AQCyspNVu2EWAYCZwmJ1jNkEArFP1f,0.38858654495949463,0.39147844803958,0.3854666004751827,0.39147844803958,4H,1760760000,5813.190623885001,usd,2025-10-18 04:00:00
C1MHyoTJpRTeS9AQCyspNVu2EWAYCZwmJ1jNkEArFP1f,0.3908612701234767,0.39284428105229763,0.38558760349037646,0.38858654495949463,4H,1760774400,33592.91996682901,usd,2025-10-18 08:00:00
C1MHyoTJpRTeS9AQCyspNVu2EWAYCZwmJ1jNkEArFP1f,0.38656200038231003,0.3915602607241937,0.3850768758583067,0.3908612701234767,4H,1760788800,17149.582169175002,usd,2025-10-18 12:00:00
C1MHyoTJpRTeS9AQCyspNVu2EWAYCZwmJ1jNkEArFP1f,0.3806908900713284,0.38656200038231003,0.3803859323597896,0.38656200038231003,4H,1760803200,4384.075850890003,usd,2025-10-18 16:00:00
C1MHyoTJpRTeS9AQCyspNVu2EWAYCZwmJ1jNkEArFP1f,0.3890782275227127,0.3893710079868992,0.3806908900713284,0.3806908900713284,4H,1760817600,1355.6658777530004,usd,2025-10-18 20:00:00
C1MHyoTJpRTeS9AQCyspNVu2EWAYCZwmJ1jNkEArFP1f,0.38969113578536113,0.390448730425343,0.38456928793556133,0.3890782275227127,4H,1760832000,4408.5647887449995,usd,2025-10-19 00:00:00
C1MHyoTJpRTeS9AQCyspNVu2EWAYCZwmJ1jNkEArFP1f,0.3890989607684027,0.38969113578536113,0.38854028848166866,0.38969113578536113,4H,1760846400,486.5361667740001,usd,2025-10-19 04:00:00
C1MHyoTJpRTeS9AQCyspNVu2EWAYCZwmJ1jNkEArFP1f,0.3997616468769123,0.400178827100663,0.3890989607684027,0.3890989607684027,4H,1760860800,4984.142495585999,usd,2025-10-19 08:00:00
C1MHyoTJpRTeS9AQCyspNVu2EWAYCZwmJ1jNkEArFP1f,0.40530797092654475,0.40530797092654475,0.3943773474645092,0.3997616468769123,4H,1760875200,12639.063086082,usd,2025-10-19 12:00:00
C1MHyoTJpRTeS9AQCyspNVu2EWAYCZwmJ1jNkEArFP1f,0.4042729982522622,0.40530797092654475,0.4012379784779765,0.40530797092654475,4H,1760889600,8256.501755303,usd,2025-10-19 16:00:00
C1MHyoTJpRTeS9AQCyspNVu2EWAYCZwmJ1jNkEArFP1f,0.40080787916353644,0.4042729982522622,0.3996452821810178,0.4042729982522622,4H,1760904000,10061.502589867003,usd,2025-10-19 20:00:00
C1MHyoTJpRTeS9AQCyspNVu2EWAYCZwmJ1jNkEArFP1f,0.39996784069768243,0.40080787916353644,0.3956998890509422,0.40080787916353644,4H,1760918400,2264.301580499001,usd,2025-10-20 00:00:00
C1MHyoTJpRTeS9AQCyspNVu2EWAYCZwmJ1jNkEArFP1f,0.41658255048108905,0.4188674810048864,0.39996784069768243,0.39996784069768243,4H,1760932800,10779.254041788,usd,2025-10-20 04:00:00
C1MHyoTJpRTeS9AQCyspNVu2EWAYCZwmJ1jNkEArFP1f,0.41625533445212853,0.41818020701984504,0.4139610498879099,0.41658255048108905,4H,1760947200,8718.382838320997,usd,2025-10-20 08:00:00
C1MHyoTJpRTeS9AQCyspNVu2EWAYCZwmJ1jNkEArFP1f,0.41294349546598386,0.41819574343660415,0.4126123236603533,0.41625533445212853,4H,1760961600,17963.709171759005,usd,2025-10-20 12:00:00
C1MHyoTJpRTeS9AQCyspNVu2EWAYCZwmJ1jNkEArFP1f,0.4049268771665978,0.41294349546598386,0.403708903186503,0.41294349546598386,4H,1760976000,9969.494505689006,usd,2025-10-20 16:00:00
C1MHyoTJpRTeS9AQCyspNVu2EWAYCZwmJ1jNkEArFP1f,0.4088818185501561,0.412854560028504,0.4049268771665978,0.4049268771665978,4H,1760990400,36177.076633308,usd,2025-10-20 20:00:00
C1MHyoTJpRTeS9AQCyspNVu2EWAYCZwmJ1jNkEArFP1f,0.3997647010105109,0.4088818185501561,0.3987946358818376,0.4088818185501561,4H,1761004800,7059.832786050997,usd,2025-10-21 00:00:00
C1MHyoTJpRTeS9AQCyspNVu2EWAYCZwmJ1jNkEArFP1f,0.3956719258167351,0.40375734933374513,0.3945271904610493,0.3997647010105109,4H,1761019200,21098.692836078993,usd,2025-10-21 04:00:00
C1MHyoTJpRTeS9AQCyspNVu2EWAYCZwmJ1jNkEArFP1f,0.39424854346842686,0.40017739138939146,0.39075284866014715,0.3956719258167351,4H,1761033600,42319.51636746801,usd,2025-10-21 08:00:00
C1MHyoTJpRTeS9AQCyspNVu2EWAYCZwmJ1jNkEArFP1f,0.4210232753338385,0.4216813917276659,0.3922186284905951,0.39424854346842686,4H,1761048000,7022.296047767,usd,2025-10-21 12:00:00
C1MHyoTJpRTeS9AQCyspNVu2EWAYCZwmJ1jNkEArFP1f,0.42068167141488855,0.4216180604614913,0.41238217220961043,0.4210232753338385,4H,1761062400,11589.545766547004,usd,2025-10-21 16:00:00
C1MHyoTJpRTeS9AQCyspNVu2EWAYCZwmJ1jNkEArFP1f,0.39854749901130754,0.42068167141488855,0.3982172777404775,0.42068167141488855,4H,1761076800,9868.083091916,usd,2025-10-21 20:00:00
C1MHyoTJpRTeS9AQCyspNVu2EWAYCZwmJ1jNkEArFP1f,0.3938970401379458,0.39854749901130754,0.3920270325524575,0.39854749901130754,4H,1761091200,5080.171692522,usd,2025-10-22 00:00:00
C1MHyoTJpRTeS9AQCyspNVu2EWAYCZwmJ1jNkEArFP1f,0.39434771762133897,0.39752441568034125,0.39207121577614906,0.3938970401379458,4H,1761105600,12916.725516974002,usd,2025-10-22 04:00:00
C1MHyoTJpRTeS9AQCyspNVu2EWAYCZwmJ1jNkEArFP1f,0.3920174175742658,0.39434771762133897,0.390054529058046,0.39434771762133897,4H,1761120000,1199.9640251219998,usd,2025-10-22 08:00:00
C1MHyoTJpRTeS9AQCyspNVu2EWAYCZwmJ1jNkEArFP1f,0.4025035652204275,0.4049546822416745,0.3920174175742658,0.3920174175742658,4H,1761134400,32735.700104528998,usd,2025-10-22 12:00:00
C1MHyoTJpRTeS9AQCyspNVu2EWAYCZwmJ1jNkEArFP1f,0.3955760756773504,0.40464186394797763,0.3955760756773504,0.4025035652204275,4H,1761148800,12791.949258939998,usd,2025-10-22 16:00:00
C1MHyoTJpRTeS9AQCyspNVu2EWAYCZwmJ1jNkEArFP1f,0.3833133624693619,0.3956525499501721,0.3833133624693619,0.3955760756773504,4H,1761163200,18422.396399735,usd,2025-10-22 20:00:00
C1MHyoTJpRTeS9AQCyspNVu2EWAYCZwmJ1jNkEArFP1f,0.3833133624693619,0.3833133624693619,0.3833133624693619,0.3833133624693619,4H,1761177600,33.76437468,usd,2025-10-23 00:00:00
C1MHyoTJpRTeS9AQCyspNVu2EWAYCZwmJ1jNkEArFP1f,0.3914106380456884,0.3929559092476028,0.3833133624693619,0.3833133624693619,4H,1761192000,5530.798247722,usd,2025-10-23 04:00:00
C1MHyoTJpRTeS9AQCyspNVu2EWAYCZwmJ1jNkEArFP1f,0.398980792740906,0.39985660038880877,0.3914106380456884,0.3914106380456884,4H,1761206400,2678.3903496969997,usd,2025-10-23 08:00:00
C1MHyoTJpRTeS9AQCyspNVu2EWAYCZwmJ1jNkEArFP1f,0.40550448155284047,0.4060043105754479,0.39420776185161105,0.398980792740906,4H,1761220800,6391.455554234,usd,2025-10-23 12:00:00
C1MHyoTJpRTeS9AQCyspNVu2EWAYCZwmJ1jNkEArFP1f,0.4226775772492893,0.4232687565090478,0.4042046959567716,0.40550448155284047,4H,1761235200,58380.02724101095,usd,2025-10-23 16:00:00
C1MHyoTJpRTeS9AQCyspNVu2EWAYCZwmJ1jNkEArFP1f,0.4312221490062775,0.43319805870478867,0.41251176961860536,0.4226775772492893,4H,1761249600,76231.06139973302,usd,2025-10-23 20:00:00
C1MHyoTJpRTeS9AQCyspNVu2EWAYCZwmJ1jNkEArFP1f,0.4478602533510983,0.4539654391096089,0.4312221490062775,0.4312221490062775,4H,1761264000,120573.11280875004,usd,2025-10-24 00:00:00
C1MHyoTJpRTeS9AQCyspNVu2EWAYCZwmJ1jNkEArFP1f,0.4654404590248952,0.47145909270394304,0.44122680015082205,0.4478602533510983,4H,1761278400,236891.59881309172,usd,2025-10-24 04:00:00
C1MHyoTJpRTeS9AQCyspNVu2EWAYCZwmJ1jNkEArFP1f,0.48037662537532433,0.48037662537532433,0.45231306995064885,0.4654404590248952,4H,1761292800,130287.46536994817,usd,2025-10-24 08:00:00
C1MHyoTJpRTeS9AQCyspNVu2EWAYCZwmJ1jNkEArFP1f,0.4728943297853183,0.488022865763346,0.47104726421448806,0.48037662537532433,4H,1761307200,181043.97128637,usd,2025-10-24 12:00:00
C1MHyoTJpRTeS9AQCyspNVu2EWAYCZwmJ1jNkEArFP1f,0.48566000935074555,0.49213292147289905,0.4717268083537757,0.4728943297853183,4H,1761321600,65741.23241236202,usd,2025-10-24 16:00:00
C1MHyoTJpRTeS9AQCyspNVu2EWAYCZwmJ1jNkEArFP1f,0.4807378115455418,0.4930865680671853,0.4736014936613007,0.48566000935074555,4H,1761336000,60227.88944536804,usd,2025-10-24 20:00:00
C1MHyoTJpRTeS9AQCyspNVu2EWAYCZwmJ1jNkEArFP1f,0.46505022140248486,0.4807378115455418,0.46505022140248486,0.4807378115455418,4H,1761350400,29357.529426068,usd,2025-10-25 00:00:00
C1MHyoTJpRTeS9AQCyspNVu2EWAYCZwmJ1jNkEArFP1f,0.4414866172450819,0.4660019488550384,0.4395060420634563,0.46505022140248486,4H,1761364800,46801.13597061996,usd,2025-10-25 04:00:00
C1MHyoTJpRTeS9AQCyspNVu2EWAYCZwmJ1jNkEArFP1f,0.44761839635488515,0.4521354972921373,0.4414866172450819,0.4414866172450819,4H,1761379200,34295.82602981401,usd,2025-10-25 08:00:00
C1MHyoTJpRTeS9AQCyspNVu2EWAYCZwmJ1jNkEArFP1f,0.4485745089700834,0.4491187256842237,0.44761839635488515,0.44761839635488515,4H,1761393600,1830.730158597,usd,2025-10-25 12:00:00
C1MHyoTJpRTeS9AQCyspNVu2EWAYCZwmJ1jNkEArFP1f,0.4539166357031818,0.4539166357031818,0.4397600406046988,0.4485745089700834,4H,1761408000,36707.64011534698,usd,2025-10-25 16:00:00
C1MHyoTJpRTeS9AQCyspNVu2EWAYCZwmJ1jNkEArFP1f,0.44878516966712956,0.4539166357031818,0.44690820614685317,0.4539166357031818,4H,1761422400,32762.781914147,usd,2025-10-25 20:00:00
C1MHyoTJpRTeS9AQCyspNVu2EWAYCZwmJ1jNkEArFP1f,0.43991476279140107,0.44878516966712956,0.4381262187042165,0.44878516966712956,4H,1761436800,12975.232974890994,usd,2025-10-26 00:00:00
C1MHyoTJpRTeS9AQCyspNVu2EWAYCZwmJ1jNkEArFP1f,0.44090540238923615,0.4412447549946563,0.4393662363238568,0.43991476279140107,4H,1761451200,4290.452538786,usd,2025-10-26 04:00:00
C1MHyoTJpRTeS9AQCyspNVu2EWAYCZwmJ1jNkEArFP1f,0.4407292833030948,0.44721364406968334,0.42975948870706443,0.44090540238923615,4H,1761465600,87420.266442455,usd,2025-10-26 08:00:00
C1MHyoTJpRTeS9AQCyspNVu2EWAYCZwmJ1jNkEArFP1f,0.4490018048731435,0.4491270060739881,0.4341982218622257,0.4407292833030948,4H,1761480000,35999.179137286,usd,2025-10-26 12:00:00
C1MHyoTJpRTeS9AQCyspNVu2EWAYCZwmJ1jNkEArFP1f,0.4441718501448093,0.4490018048731435,0.4441718501448093,0.4490018048731435,4H,1761494400,7320.527972343002,usd,2025-10-26 16:00:00
C1MHyoTJpRTeS9AQCyspNVu2EWAYCZwmJ1jNkEArFP1f,0.4480867759939531,0.4513813965798379,0.4339397582236546,0.4441718501448093,4H,1761508800,64725.24593568701,usd,2025-10-26 20:00:00
C1MHyoTJpRTeS9AQCyspNVu2EWAYCZwmJ1jNkEArFP1f,0.44995194682617395,0.4614756243795803,0.4467451771626075,0.4480867759939531,4H,1761523200,60602.9313526549,usd,2025-10-27 00:00:00
C1MHyoTJpRTeS9AQCyspNVu2EWAYCZwmJ1jNkEArFP1f,0.44813016586334586,0.45053541512919804,0.44572299595306003,0.44995194682617395,4H,1761537600,8260.139806746001,usd,2025-10-27 04:00:00
C1MHyoTJpRTeS9AQCyspNVu2EWAYCZwmJ1jNkEArFP1f,0.43814063556374555,0.44813016586334586,0.4364537322507347,0.44813016586334586,4H,1761552000,17936.46694426799,usd,2025-10-27 08:00:00
C1MHyoTJpRTeS9AQCyspNVu2EWAYCZwmJ1jNkEArFP1f,0.4323895724336904,0.44726078239906597,0.4296423263552149,0.43814063556374555,4H,1761566400,52179.91461732101,usd,2025-10-27 12:00:00
C1MHyoTJpRTeS9AQCyspNVu2EWAYCZwmJ1jNkEArFP1f,0.4391023205559532,0.44310797747986913,0.43031162142536866,0.4323895724336904,4H,1761580800,97715.476568041,usd,2025-10-27 16:00:00
C1MHyoTJpRTeS9AQCyspNVu2EWAYCZwmJ1jNkEArFP1f,0.4448216684897724,0.4467940587717543,0.4356517005286631,0.4391023205559532,4H,1761595200,19765.897202272998,usd,2025-10-27 20:00:00
C1MHyoTJpRTeS9AQCyspNVu2EWAYCZwmJ1jNkEArFP1f,0.4383396584708224,0.4448216684897724,0.4364626254418964,0.4448216684897724,4H,1761609600,33303.055707652005,usd,2025-10-28 00:00:00
C1MHyoTJpRTeS9AQCyspNVu2EWAYCZwmJ1jNkEArFP1f,0.44055165346600544,0.45536446381662815,0.436207540195499,0.4383396584708224,4H,1761624000,118477.25178704501,usd,2025-10-28 04:00:00
C1MHyoTJpRTeS9AQCyspNVu2EWAYCZwmJ1jNkEArFP1f,0.4384207738688924,0.4483704571505163,0.4383756303949225,0.44055165346600544,4H,1761638400,27619.465558359003,usd,2025-10-28 08:00:00
C1MHyoTJpRTeS9AQCyspNVu2EWAYCZwmJ1jNkEArFP1f,0.4264213666705435,0.4461367950113851,0.42407319077890654,0.4384207738688924,4H,1761652800,41320.913068283015,usd,2025-10-28 12:00:00
C1MHyoTJpRTeS9AQCyspNVu2EWAYCZwmJ1jNkEArFP1f,0.42496986786641033,0.43339551007154997,0.42285029279576636,0.4264213666705435,4H,1761667200,21001.95036934101,usd,2025-10-28 16:00:00
C1MHyoTJpRTeS9AQCyspNVu2EWAYCZwmJ1jNkEArFP1f,0.42106902827629816,0.42496986786641033,0.41734867660162533,0.42496986786641033,4H,1761681600,11463.717427763002,usd,2025-10-28 20:00:00
C1MHyoTJpRTeS9AQCyspNVu2EWAYCZwmJ1jNkEArFP1f,0.41982163977728326,0.42316662479295203,0.41946562221179673,0.42106902827629816,4H,1761696000,7534.778161733998,usd,2025-10-29 00:00:00
C1MHyoTJpRTeS9AQCyspNVu2EWAYCZwmJ1jNkEArFP1f,0.42069759076190166,0.42069759076190166,0.418848313940573,0.41982163977728326,4H,1761710400,3122.1556059269997,usd,2025-10-29 04:00:00
C1MHyoTJpRTeS9AQCyspNVu2EWAYCZwmJ1jNkEArFP1f,0.42793972152499066,0.4302295511623925,0.42069759076190166,0.42069759076190166,4H,1761724800,12964.495970781001,usd,2025-10-29 08:00:00
C1MHyoTJpRTeS9AQCyspNVu2EWAYCZwmJ1jNkEArFP1f,0.4261978392965992,0.42912962814061983,0.42547832036729755,0.42793972152499066,4H,1761739200,8365.016796759002,usd,2025-10-29 12:00:00
C1MHyoTJpRTeS9AQCyspNVu2EWAYCZwmJ1jNkEArFP1f,0.4355675657218888,0.4358090317044934,0.4122267015658562,0.4261978392965992,4H,1761753600,50416.87066271797,usd,2025-10-29 16:00:00
C1MHyoTJpRTeS9AQCyspNVu2EWAYCZwmJ1jNkEArFP1f,0.428466070024814,0.4389811226218613,0.4278198213545623,0.4355675657218888,4H,1761768000,17598.072126134008,usd,2025-10-29 20:00:00
C1MHyoTJpRTeS9AQCyspNVu2EWAYCZwmJ1jNkEArFP1f,0.427144722289564,0.4316406935483957,0.42693812366988204,0.428466070024814,4H,1761782400,18172.251101458012,usd,2025-10-30 00:00:00
C1MHyoTJpRTeS9AQCyspNVu2EWAYCZwmJ1jNkEArFP1f,0.4136239540902415,0.427144722289564,0.4136239540902415,0.427144722289564,4H,1761796800,6181.578060552001,usd,2025-10-30 04:00:00
C1MHyoTJpRTeS9AQCyspNVu2EWAYCZwmJ1jNkEArFP1f,0.4135030148001797,0.4215083110069062,0.4135030148001797,0.4136239540902415,4H,1761811200,6656.835210441,usd,2025-10-30 08:00:00
C1MHyoTJpRTeS9AQCyspNVu2EWAYCZwmJ1jNkEArFP1f,0.39340496919104023,0.4135030148001797,0.39231896315625103,0.4135030148001797,4H,1761825600,13332.416295003995,usd,2025-10-30 12:00:00
C1MHyoTJpRTeS9AQCyspNVu2EWAYCZwmJ1jNkEArFP1f,0.38287609513586096,0.39460178030740223,0.3820507085345818,0.39340496919104023,4H,1761840000,2326.1660031479996,usd,2025-10-30 16:00:00
C1MHyoTJpRTeS9AQCyspNVu2EWAYCZwmJ1jNkEArFP1f,0.3909602982839993,0.3909602982839993,0.38020705212842226,0.38287609513586096,4H,1761854400,4215.819199386001,usd,2025-10-30 20:00:00
C1MHyoTJpRTeS9AQCyspNVu2EWAYCZwmJ1jNkEArFP1f,0.39779909807727076,0.3978364632225783,0.3909602982839993,0.3909602982839993,4H,1761868800,8358.603096067998,usd,2025-10-31 00:00:00
C1MHyoTJpRTeS9AQCyspNVu2EWAYCZwmJ1jNkEArFP1f,0.3966915658931098,0.4014071025444817,0.3966915658931098,0.39779909807727076,4H,1761883200,6823.396244331002,usd,2025-10-31 04:00:00
C1MHyoTJpRTeS9AQCyspNVu2EWAYCZwmJ1jNkEArFP1f,0.39626517721946686,0.3979131316718186,0.3958755887426444,0.3966915658931098,4H,1761897600,5570.943776721998,usd,2025-10-31 08:00:00
C1MHyoTJpRTeS9AQCyspNVu2EWAYCZwmJ1jNkEArFP1f,0.40491104130703365,0.4061139915035311,0.39626517721946686,0.39626517721946686,4H,1761912000,7138.947689533,usd,2025-10-31 12:00:00
C1MHyoTJpRTeS9AQCyspNVu2EWAYCZwmJ1jNkEArFP1f,0.39750981813452085,0.40491104130703365,0.3914722248967772,0.40491104130703365,4H,1761926400,17818.030238657004,usd,2025-10-31 16:00:00
C1MHyoTJpRTeS9AQCyspNVu2EWAYCZwmJ1jNkEArFP1f,0.39493513693373267,0.40201788895123836,0.39493513693373267,0.39750981813452085,4H,1761940800,5569.869036741001,usd,2025-10-31 20:00:00
C1MHyoTJpRTeS9AQCyspNVu2EWAYCZwmJ1jNkEArFP1f,0.39847865972945995,0.3991679246059363,0.39493513693373267,0.39493513693373267,4H,1761955200,3652.6006019180004,usd,2025-11-01 00:00:00
C1MHyoTJpRTeS9AQCyspNVu2EWAYCZwmJ1jNkEArFP1f,0.40213857991411894,0.4024229024940324,0.3917058580658214,0.39847865972945995,4H,1761969600,23030.993784945003,usd,2025-11-01 04:00:00
C1MHyoTJpRTeS9AQCyspNVu2EWAYCZwmJ1jNkEArFP1f,0.4064229531576945,0.4066972903844464,0.4009573355852653,0.40213857991411894,4H,1761984000,9691.683895189002,usd,2025-11-01 08:00:00
C1MHyoTJpRTeS9AQCyspNVu2EWAYCZwmJ1jNkEArFP1f,0.40363242503314867,0.40683747759815253,0.40280116150760664,0.4064229531576945,4H,1761998400,3696.0346298519994,usd,2025-11-01 12:00:00
C1MHyoTJpRTeS9AQCyspNVu2EWAYCZwmJ1jNkEArFP1f,0.4117576678608005,0.4117576678608005,0.40363242503314867,0.40363242503314867,4H,1762012800,10301.110586911,usd,2025-11-01 16:00:00
C1MHyoTJpRTeS9AQCyspNVu2EWAYCZwmJ1jNkEArFP1f,0.4106199587853202,0.4117576678608005,0.40519242951142864,0.4117576678608005,4H,1762027200,7012.704401707,usd,2025-11-01 20:00:00
C1MHyoTJpRTeS9AQCyspNVu2EWAYCZwmJ1jNkEArFP1f,0.40956235910094196,0.41094782750597925,0.40893698962204234,0.4106199587853202,4H,1762041600,2039.6222288020008,usd,2025-11-02 00:00:00
C1MHyoTJpRTeS9AQCyspNVu2EWAYCZwmJ1jNkEArFP1f,0.41557900788700786,0.41606525783412945,0.40956235910094196,0.40956235910094196,4H,1762056000,4073.851299697999,usd,2025-11-02 04:00:00
C1MHyoTJpRTeS9AQCyspNVu2EWAYCZwmJ1jNkEArFP1f,0.4099792577361794,0.4163599612911825,0.40984295910529395,0.41557900788700786,4H,1762070400,4831.983964912999,usd,2025-11-02 08:00:00
C1MHyoTJpRTeS9AQCyspNVu2EWAYCZwmJ1jNkEArFP1f,0.4020873536845185,0.4099792577361794,0.39631437127242175,0.4099792577361794,4H,1762084800,20578.793983744992,usd,2025-11-02 12:00:00
C1MHyoTJpRTeS9AQCyspNVu2EWAYCZwmJ1jNkEArFP1f,0.400644688842351,0.4020873536845185,0.40013212253198005,0.4020873536845185,4H,1762099200,1396.6104621190004,usd,2025-11-02 16:00:00
C1MHyoTJpRTeS9AQCyspNVu2EWAYCZwmJ1jNkEArFP1f,0.4101238071753947,0.41093241118665524,0.400644688842351,0.400644688842351,4H,1762113600,6115.600309047,usd,2025-11-02 20:00:00
C1MHyoTJpRTeS9AQCyspNVu2EWAYCZwmJ1jNkEArFP1f,0.3806992642732178,0.4134049262153716,0.38015941043485035,0.4101238071753947,4H,1762128000,28563.814118747996,usd,2025-11-03 00:00:00
C1MHyoTJpRTeS9AQCyspNVu2EWAYCZwmJ1jNkEArFP1f,0.3882161886013599,0.38828931889783264,0.37819412214956977,0.3806992642732178,4H,1762142400,21627.297756949007,usd,2025-11-03 04:00:00
C1MHyoTJpRTeS9AQCyspNVu2EWAYCZwmJ1jNkEArFP1f,0.3820189348565353,0.3917128759110194,0.38091229725348463,0.3882161886013599,4H,1762156800,18170.203936287005,usd,2025-11-03 08:00:00
C1MHyoTJpRTeS9AQCyspNVu2EWAYCZwmJ1jNkEArFP1f,0.36351925418085596,0.38988592617394924,0.3581007219239355,0.3820189348565353,4H,1762171200,72038.40445028698,usd,2025-11-03 12:00:00
C1MHyoTJpRTeS9AQCyspNVu2EWAYCZwmJ1jNkEArFP1f,0.3696588667034366,0.3773873204365013,0.3622764928886871,0.36351925418085596,4H,1762185600,19680.312229588002,usd,2025-11-03 16:00:00
C1MHyoTJpRTeS9AQCyspNVu2EWAYCZwmJ1jNkEArFP1f,0.3660957440944787,0.3696588667034366,0.36026741293035963,0.3696588667034366,4H,1762200000,9083.281961654004,usd,2025-11-03 20:00:00
C1MHyoTJpRTeS9AQCyspNVu2EWAYCZwmJ1jNkEArFP1f,0.3715487411139863,0.3742499558101058,0.3639696704563126,0.3660957440944787,4H,1762214400,14937.940950483011,usd,2025-11-04 00:00:00
C1MHyoTJpRTeS9AQCyspNVu2EWAYCZwmJ1jNkEArFP1f,0.35868942849920127,0.374981875934283,0.3531379562786447,0.3715487411139863,4H,1762228800,69617.835571414,usd,2025-11-04 04:00:00
C1MHyoTJpRTeS9AQCyspNVu2EWAYCZwmJ1jNkEArFP1f,0.36693061693982254,0.37537249100743586,0.3582089659523362,0.35868942849920127,4H,1762243200,47165.530088781015,usd,2025-11-04 08:00:00
C1MHyoTJpRTeS9AQCyspNVu2EWAYCZwmJ1jNkEArFP1f,0.3677614793537679,0.3677614793537679,0.35814607084260963,0.36693061693982254,4H,1762257600,15217.524606966997,usd,2025-11-04 12:00:00
C1MHyoTJpRTeS9AQCyspNVu2EWAYCZwmJ1jNkEArFP1f,0.3543778285722098,0.3677614793537679,0.3460888150514127,0.3677614793537679,4H,1762272000,25369.66043354702,usd,2025-11-04 16:00:00
C1MHyoTJpRTeS9AQCyspNVu2EWAYCZwmJ1jNkEArFP1f,0.3545966587494616,0.3545966587494616,0.33389538223480014,0.3543778285722098,4H,1762286400,39621.171649856005,usd,2025-11-04 20:00:00
C1MHyoTJpRTeS9AQCyspNVu2EWAYCZwmJ1jNkEArFP1f,0.3591976967860116,0.3595908834565781,0.33670257341594456,0.3545966587494616,4H,1762300800,9615.436103841997,usd,2025-11-05 00:00:00
C1MHyoTJpRTeS9AQCyspNVu2EWAYCZwmJ1jNkEArFP1f,0.3618856473856048,0.3626674160650965,0.3591976967860116,0.3591976967860116,4H,1762315200,6178.369457602,usd,2025-11-05 04:00:00
C1MHyoTJpRTeS9AQCyspNVu2EWAYCZwmJ1jNkEArFP1f,0.36175853740397473,0.3618856473856048,0.35593632443989504,0.3618856473856048,4H,1762329600,7340.614892380999,usd,2025-11-05 08:00:00
C1MHyoTJpRTeS9AQCyspNVu2EWAYCZwmJ1jNkEArFP1f,0.3682824802238912,0.3682824802238912,0.36175853740397473,0.36175853740397473,4H,1762344000,6896.613365833,usd,2025-11-05 12:00:00
C1MHyoTJpRTeS9AQCyspNVu2EWAYCZwmJ1jNkEArFP1f,0.3702794381232547,0.3728601331531656,0.3682824802238912,0.3682824802238912,4H,1762358400,7791.235779161001,usd,2025-11-05 16:00:00
C1MHyoTJpRTeS9AQCyspNVu2EWAYCZwmJ1jNkEArFP1f,0.38046799088569244,0.3827333535695748,0.3702794381232547,0.3702794381232547,4H,1762372800,43461.62869338502,usd,2025-11-05 20:00:00
C1MHyoTJpRTeS9AQCyspNVu2EWAYCZwmJ1jNkEArFP1f,0.37664601747428184,0.38129506770018123,0.373510278822271,0.38046799088569244,4H,1762387200,13767.010777550006,usd,2025-11-06 00:00:00
C1MHyoTJpRTeS9AQCyspNVu2EWAYCZwmJ1jNkEArFP1f,0.36169888701660896,0.37664601747428184,0.3608624114451137,0.37664601747428184,4H,1762401600,23915.488216326,usd,2025-11-06 04:00:00
C1MHyoTJpRTeS9AQCyspNVu2EWAYCZwmJ1jNkEArFP1f,0.3612404012153227,0.36339289732666996,0.3605297612244482,0.36169888701660896,4H,1762416000,3849.4747402010003,usd,2025-11-06 08:00:00
C1MHyoTJpRTeS9AQCyspNVu2EWAYCZwmJ1jNkEArFP1f,0.36110398052479215,0.3652060334749844,0.3581136755122685,0.3612404012153227,4H,1762430400,5751.403412819,usd,2025-11-06 12:00:00
C1MHyoTJpRTeS9AQCyspNVu2EWAYCZwmJ1jNkEArFP1f,0.36409259707726876,0.3647506124213176,0.3533543698417659,0.36110398052479215,4H,1762444800,10181.884768192002,usd,2025-11-06 16:00:00
C1MHyoTJpRTeS9AQCyspNVu2EWAYCZwmJ1jNkEArFP1f,0.36385546017549164,0.3664211482718946,0.3594059680380378,0.36409259707726876,4H,1762459200,13880.302843129995,usd,2025-11-06 20:00:00
C1MHyoTJpRTeS9AQCyspNVu2EWAYCZwmJ1jNkEArFP1f,0.3737155074572208,0.3748026714143733,0.36385546017549164,0.36385546017549164,4H,1762473600,28989.917172683017,usd,2025-11-07 00:00:00
C1MHyoTJpRTeS9AQCyspNVu2EWAYCZwmJ1jNkEArFP1f,0.3793504933091518,0.37981322513184723,0.3695511376357376,0.3737155074572208,4H,1762488000,15255.270455662,usd,2025-11-07 04:00:00
C1MHyoTJpRTeS9AQCyspNVu2EWAYCZwmJ1jNkEArFP1f,0.374450829206841,0.3820331369087046,0.37010038353119007,0.3793504933091518,4H,1762502400,17019.588730548,usd,2025-11-07 08:00:00
C1MHyoTJpRTeS9AQCyspNVu2EWAYCZwmJ1jNkEArFP1f,0.38429431374857903,0.3895601724329687,0.3668874874857869,0.374450829206841,4H,1762516800,104147.32711960489,usd,2025-11-07 12:00:00
C1MHyoTJpRTeS9AQCyspNVu2EWAYCZwmJ1jNkEArFP1f,0.41209284563587356,0.41356582031862915,0.38429431374857903,0.38429431374857903,4H,1762531200,66605.45223859903,usd,2025-11-07 16:00:00
C1MHyoTJpRTeS9AQCyspNVu2EWAYCZwmJ1jNkEArFP1f,0.4122356554878512,0.4219734827271403,0.4095617626287448,0.41209284563587356,4H,1762545600,40568.431556523006,usd,2025-11-07 20:00:00
C1MHyoTJpRTeS9AQCyspNVu2EWAYCZwmJ1jNkEArFP1f,0.41397303502743144,0.4212183935262069,0.40777017758484413,0.4122356554878512,4H,1762560000,70006.02660133003,usd,2025-11-08 00:00:00
C1MHyoTJpRTeS9AQCyspNVu2EWAYCZwmJ1jNkEArFP1f,0.40028883376395497,0.41682395454508825,0.4002560090741984,0.41397303502743144,4H,1762574400,20933.402372259992,usd,2025-11-08 04:00:00
C1MHyoTJpRTeS9AQCyspNVu2EWAYCZwmJ1jNkEArFP1f,0.3997958135398356,0.4042595735683671,0.39745008095362183,0.40028883376395497,4H,1762588800,14048.031094022,usd,2025-11-08 08:00:00
C1MHyoTJpRTeS9AQCyspNVu2EWAYCZwmJ1jNkEArFP1f,0.3939602975239203,0.4043580640759183,0.39092450637983467,0.3997958135398356,4H,1762603200,24128.19888178799,usd,2025-11-08 12:00:00
C1MHyoTJpRTeS9AQCyspNVu2EWAYCZwmJ1jNkEArFP1f,0.3948663177647717,0.397975016915604,0.39045129174437215,0.3939602975239203,4H,1762617600,7303.4211991059965,usd,2025-11-08 16:00:00
C1MHyoTJpRTeS9AQCyspNVu2EWAYCZwmJ1jNkEArFP1f,0.39447303852473514,0.39602693172640463,0.39261380558713244,0.3948663177647717,4H,1762632000,4373.674917541,usd,2025-11-08 20:00:00
C1MHyoTJpRTeS9AQCyspNVu2EWAYCZwmJ1jNkEArFP1f,0.38338373201391185,0.39504701553817284,0.3813372222408571,0.39447303852473514,4H,1762646400,12126.081894699,usd,2025-11-09 00:00:00
C1MHyoTJpRTeS9AQCyspNVu2EWAYCZwmJ1jNkEArFP1f,0.3883091537285923,0.3883091537285923,0.38261279230409473,0.38338373201391185,4H,1762660800,9860.750912162997,usd,2025-11-09 04:00:00
C1MHyoTJpRTeS9AQCyspNVu2EWAYCZwmJ1jNkEArFP1f,0.39040225927137434,0.39114645876850024,0.38383619014663467,0.3883091537285923,4H,1762675200,8033.670121209997,usd,2025-11-09 08:00:00
C1MHyoTJpRTeS9AQCyspNVu2EWAYCZwmJ1jNkEArFP1f,0.4007944507963288,0.403517051072352,0.3894554251397961,0.39040225927137434,4H,1762689600,17459.24816233899,usd,2025-11-09 12:00:00
C1MHyoTJpRTeS9AQCyspNVu2EWAYCZwmJ1jNkEArFP1f,0.40200838145239554,0.40522958231303613,0.4002167097431497,0.4007944507963288,4H,1762704000,16757.130460351993,usd,2025-11-09 16:00:00
C1MHyoTJpRTeS9AQCyspNVu2EWAYCZwmJ1jNkEArFP1f,0.3966917614065132,0.4032242590862945,0.3953104199611803,0.40200838145239554,4H,1762718400,17003.503046973005,usd,2025-11-09 20:00:00
C1MHyoTJpRTeS9AQCyspNVu2EWAYCZwmJ1jNkEArFP1f,0.3976232096752494,0.40253795878613613,0.3966917614065132,0.3966917614065132,4H,1762732800,7336.709590562,usd,2025-11-10 00:00:00
C1MHyoTJpRTeS9AQCyspNVu2EWAYCZwmJ1jNkEArFP1f,0.3942489817999728,0.401022214936743,0.39409064791715276,0.3976232096752494,4H,1762747200,5118.840383794999,usd,2025-11-10 04:00:00
C1MHyoTJpRTeS9AQCyspNVu2EWAYCZwmJ1jNkEArFP1f,0.3979124403885958,0.40000958872088627,0.3942489817999728,0.3942489817999728,4H,1762761600,1445.1135690030005,usd,2025-11-10 08:00:00
C1MHyoTJpRTeS9AQCyspNVu2EWAYCZwmJ1jNkEArFP1f,0.3912117007973955,0.3985737397545467,0.3900069276040795,0.3979124403885958,4H,1762776000,9568.766083939998,usd,2025-11-10 12:00:00
C1MHyoTJpRTeS9AQCyspNVu2EWAYCZwmJ1jNkEArFP1f,0.3960999062937688,0.3960999062937688,0.38767952476255446,0.3912117007973955,4H,1762790400,6510.5266933520015,usd,2025-11-10 16:00:00
C1MHyoTJpRTeS9AQCyspNVu2EWAYCZwmJ1jNkEArFP1f,0.4120090397752781,0.4157108830868033,0.3930148677370674,0.3960999062937688,4H,1762804800,101386.52863975408,usd,2025-11-10 20:00:00
C1MHyoTJpRTeS9AQCyspNVu2EWAYCZwmJ1jNkEArFP1f,0.40605015577767,0.4120090397752781,0.40071557194537805,0.4120090397752781,4H,1762819200,19258.119670495,usd,2025-11-11 00:00:00
C1MHyoTJpRTeS9AQCyspNVu2EWAYCZwmJ1jNkEArFP1f,0.3927925143527272,0.40605015577767,0.39078297669858264,0.40605015577767,4H,1762833600,5132.307250298999,usd,2025-11-11 04:00:00
C1MHyoTJpRTeS9AQCyspNVu2EWAYCZwmJ1jNkEArFP1f,0.39182290037292977,0.3927925143527272,0.3874278855121714,0.3927925143527272,4H,1762848000,5631.688060119,usd,2025-11-11 08:00:00
C1MHyoTJpRTeS9AQCyspNVu2EWAYCZwmJ1jNkEArFP1f,0.3913544275856943,0.3952222999766065,0.3875942204503957,0.39182290037292977,4H,1762862400,12681.177494252002,usd,2025-11-11 12:00:00
C1MHyoTJpRTeS9AQCyspNVu2EWAYCZwmJ1jNkEArFP1f,0.3842033130243794,0.394682615803871,0.3842033130243794,0.3913544275856943,4H,1762876800,32323.936181307996,usd,2025-11-11 16:00:00
C1MHyoTJpRTeS9AQCyspNVu2EWAYCZwmJ1jNkEArFP1f,0.3747910227858808,0.3842033130243794,0.3723905771220159,0.3842033130243794,4H,1762891200,36845.977702105985,usd,2025-11-11 20:00:00
C1MHyoTJpRTeS9AQCyspNVu2EWAYCZwmJ1jNkEArFP1f,0.3796358333347482,0.3796358333347482,0.37420153253649796,0.3747910227858808,4H,1762905600,6754.583345043999,usd,2025-11-12 00:00:00
C1MHyoTJpRTeS9AQCyspNVu2EWAYCZwmJ1jNkEArFP1f,0.38323812063822543,0.3835477208020775,0.37656551150214457,0.3796358333347482,4H,1762920000,23750.13746524899,usd,2025-11-12 04:00:00
C1MHyoTJpRTeS9AQCyspNVu2EWAYCZwmJ1jNkEArFP1f,0.394207655625489,0.3950442926762185,0.38323812063822543,0.38323812063822543,4H,1762934400,7299.082005004005,usd,2025-11-12 08:00:00
C1MHyoTJpRTeS9AQCyspNVu2EWAYCZwmJ1jNkEArFP1f,0.378769645581029,0.3963670078120481,0.378769645581029,0.394207655625489,4H,1762948800,10692.168642211993,usd,2025-11-12 12:00:00
C1MHyoTJpRTeS9AQCyspNVu2EWAYCZwmJ1jNkEArFP1f,0.3683147484938189,0.378769645581029,0.3676912621709248,0.378769645581029,4H,1762963200,23588.968644948,usd,2025-11-12 16:00:00
C1MHyoTJpRTeS9AQCyspNVu2EWAYCZwmJ1jNkEArFP1f,0.3732739806680977,0.3749302013683908,0.3683147484938189,0.3683147484938189,4H,1762977600,8170.5242870130005,usd,2025-11-12 20:00:00
C1MHyoTJpRTeS9AQCyspNVu2EWAYCZwmJ1jNkEArFP1f,0.3738457410581019,0.3774743495719832,0.37280647640189785,0.3732739806680977,4H,1762992000,9505.582826540998,usd,2025-11-13 00:00:00
C1MHyoTJpRTeS9AQCyspNVu2EWAYCZwmJ1jNkEArFP1f,0.38288416279788334,0.3834047153114379,0.3726369876840868,0.3738457410581019,4H,1763006400,40997.24390109003,usd,2025-11-13 04:00:00
C1MHyoTJpRTeS9AQCyspNVu2EWAYCZwmJ1jNkEArFP1f,0.3803230438431468,0.38288416279788334,0.3795422729681782,0.38288416279788334,4H,1763020800,6190.803554955997,usd,2025-11-13 08:00:00
C1MHyoTJpRTeS9AQCyspNVu2EWAYCZwmJ1jNkEArFP1f,0.3778079565841863,0.3808285262540187,0.37063992758950715,0.3803230438431468,4H,1763035200,34467.77276614201,usd,2025-11-13 12:00:00
C1MHyoTJpRTeS9AQCyspNVu2EWAYCZwmJ1jNkEArFP1f,0.3531908586187917,0.3778079565841863,0.3531908586187917,0.3778079565841863,4H,1763049600,108492.56588271995,usd,2025-11-13 16:00:00
C1MHyoTJpRTeS9AQCyspNVu2EWAYCZwmJ1jNkEArFP1f,0.35892194413007017,0.3615534488236677,0.34868651003895546,0.3531908586187917,4H,1763064000,12959.879969238998,usd,2025-11-13 20:00:00
C1MHyoTJpRTeS9AQCyspNVu2EWAYCZwmJ1jNkEArFP1f,0.35968982097940516,0.36343478935290274,0.3579016988786231,0.35892194413007017,4H,1763078400,16919.713540536002,usd,2025-11-14 00:00:00
C1MHyoTJpRTeS9AQCyspNVu2EWAYCZwmJ1jNkEArFP1f,0.3590069804018435,0.35968982097940516,0.3437210835894117,0.35968982097940516,4H,1763092800,15771.301787367991,usd,2025-11-14 04:00:00
C1MHyoTJpRTeS9AQCyspNVu2EWAYCZwmJ1jNkEArFP1f,0.3527157377820325,0.3590069804018435,0.3527157377820325,0.3590069804018435,4H,1763107200,8332.387982305003,usd,2025-11-14 08:00:00
C1MHyoTJpRTeS9AQCyspNVu2EWAYCZwmJ1jNkEArFP1f,0.3549599513947673,0.35904976849393744,0.34665143391742326,0.3527157377820325,4H,1763121600,24383.781810482986,usd,2025-11-14 12:00:00
C1MHyoTJpRTeS9AQCyspNVu2EWAYCZwmJ1jNkEArFP1f,0.3608125302706784,0.36236428172351,0.3549599513947673,0.3549599513947673,4H,1763136000,3977.066280699999,usd,2025-11-14 16:00:00
C1MHyoTJpRTeS9AQCyspNVu2EWAYCZwmJ1jNkEArFP1f,0.3438265863414465,0.3608125302706784,0.3438020172728704,0.3608125302706784,4H,1763150400,6286.284333325999,usd,2025-11-14 20:00:00
C1MHyoTJpRTeS9AQCyspNVu2EWAYCZwmJ1jNkEArFP1f,0.35998766448168246,0.35998766448168246,0.3438265863414465,0.3438265863414465,4H,1763164800,7962.589579012001,usd,2025-11-15 00:00:00
C1MHyoTJpRTeS9AQCyspNVu2EWAYCZwmJ1jNkEArFP1f,0.3586964745459932,0.36067256035430756,0.35648299816346385,0.35998766448168246,4H,1763179200,10874.423853892002,usd,2025-11-15 04:00:00
C1MHyoTJpRTeS9AQCyspNVu2EWAYCZwmJ1jNkEArFP1f,0.35322183745554825,0.3586964745459932,0.3525495912585314,0.3586964745459932,4H,1763193600,1616.3397955489997,usd,2025-11-15 08:00:00
C1MHyoTJpRTeS9AQCyspNVu2EWAYCZwmJ1jNkEArFP1f,0.35377597667785166,0.35518670397720525,0.3529503525951665,0.35322183745554825,4H,1763208000,6187.657840015999,usd,2025-11-15 12:00:00
C1MHyoTJpRTeS9AQCyspNVu2EWAYCZwmJ1jNkEArFP1f,0.3567118137145884,0.35822955213984076,0.3522070927942613,0.35377597667785166,4H,1763222400,6948.664369665002,usd,2025-11-15 16:00:00
C1MHyoTJpRTeS9AQCyspNVu2EWAYCZwmJ1jNkEArFP1f,0.35197376423436094,0.3567118137145884,0.3511814807761735,0.3567118137145884,4H,1763236800,7494.788548572002,usd,2025-11-15 20:00:00
C1MHyoTJpRTeS9AQCyspNVu2EWAYCZwmJ1jNkEArFP1f,0.35570492189249575,0.35658147249840044,0.34898112976626217,0.35197376423436094,4H,1763251200,4318.195739463999,usd,2025-11-16 00:00:00
C1MHyoTJpRTeS9AQCyspNVu2EWAYCZwmJ1jNkEArFP1f,0.35469745516652335,0.35621897732590413,0.352867156772983,0.35570492189249575,4H,1763265600,3879.261006166,usd,2025-11-16 04:00:00
C1MHyoTJpRTeS9AQCyspNVu2EWAYCZwmJ1jNkEArFP1f,0.3526097235464097,0.3565607594274513,0.3526097235464097,0.35469745516652335,4H,1763280000,3877.1219862099992,usd,2025-11-16 08:00:00
C1MHyoTJpRTeS9AQCyspNVu2EWAYCZwmJ1jNkEArFP1f,0.34387549435210335,0.3526097235464097,0.34371739315076644,0.3526097235464097,4H,1763294400,7227.698399818,usd,2025-11-16 12:00:00
C1MHyoTJpRTeS9AQCyspNVu2EWAYCZwmJ1jNkEArFP1f,0.341033041674403,0.34387549435210335,0.335046331317422,0.34387549435210335,4H,1763308800,10650.861477504004,usd,2025-11-16 16:00:00
C1MHyoTJpRTeS9AQCyspNVu2EWAYCZwmJ1jNkEArFP1f,0.34457544919554256,0.34457544919554256,0.33527722807589033,0.341033041674403,4H,1763323200,9725.749840525006,usd,2025-11-16 20:00:00
C1MHyoTJpRTeS9AQCyspNVu2EWAYCZwmJ1jNkEArFP1f,0.34819780339542356,0.3486302468671589,0.34457544919554256,0.34457544919554256,4H,1763337600,5065.624732133,usd,2025-11-17 00:00:00
C1MHyoTJpRTeS9AQCyspNVu2EWAYCZwmJ1jNkEArFP1f,0.34853607066308284,0.34876862646017714,0.346631014468042,0.34819780339542356,4H,1763352000,6883.265448453999,usd,2025-11-17 04:00:00
C1MHyoTJpRTeS9AQCyspNVu2EWAYCZwmJ1jNkEArFP1f,0.34853607066308284,0.34853607066308284,0.34853607066308284,0.34853607066308284,4H,1763366400,0.0,usd,2025-11-17 08:00:00
C1MHyoTJpRTeS9AQCyspNVu2EWAYCZwmJ1jNkEArFP1f,0.3481420150162577,0.3522217387467272,0.3385811150969692,0.34853607066308284,4H,1763380800,13041.499991468001,usd,2025-11-17 12:00:00
C1MHyoTJpRTeS9AQCyspNVu2EWAYCZwmJ1jNkEArFP1f,0.3285193135683468,0.3481420150162577,0.3285193135683468,0.3481420150162577,4H,1763395200,17043.507849679994,usd,2025-11-17 16:00:00
C1MHyoTJpRTeS9AQCyspNVu2EWAYCZwmJ1jNkEArFP1f,0.32966081607134284,0.3325928522603133,0.32839706016828774,0.3285193135683468,4H,1763409600,10076.745192637001,usd,2025-11-17 20:00:00
C1MHyoTJpRTeS9AQCyspNVu2EWAYCZwmJ1jNkEArFP1f,0.3325143317053481,0.3333627694493351,0.32686176586186355,0.32966081607134284,4H,1763424000,18801.181798914004,usd,2025-11-18 00:00:00
C1MHyoTJpRTeS9AQCyspNVu2EWAYCZwmJ1jNkEArFP1f,0.33469679792803403,0.3384569006429741,0.33006919397589995,0.3325143317053481,4H,1763438400,23426.056638358998,usd,2025-11-18 04:00:00
C1MHyoTJpRTeS9AQCyspNVu2EWAYCZwmJ1jNkEArFP1f,0.33195695193363256,0.3359947879466676,0.32727875035579185,0.33469679792803403,4H,1763452800,24285.182657063,usd,2025-11-18 08:00:00
C1MHyoTJpRTeS9AQCyspNVu2EWAYCZwmJ1jNkEArFP1f,0.33687738092350833,0.33687738092350833,0.3275538849980539,0.33195695193363256,4H,1763467200,8945.943502973,usd,2025-11-18 12:00:00
C1MHyoTJpRTeS9AQCyspNVu2EWAYCZwmJ1jNkEArFP1f,0.3408489246327683,0.34193037723506636,0.33463443593357334,0.33687738092350833,4H,1763481600,7929.106015453997,usd,2025-11-18 16:00:00
C1MHyoTJpRTeS9AQCyspNVu2EWAYCZwmJ1jNkEArFP1f,0.3379203737938558,0.3408846152656195,0.3370348000676707,0.3408489246327683,4H,1763496000,2994.424239666001,usd,2025-11-18 20:00:00
C1MHyoTJpRTeS9AQCyspNVu2EWAYCZwmJ1jNkEArFP1f,0.339064312926633,0.3393826319541836,0.3324724757648813,0.3379203737938558,4H,1763510400,10275.186489685004,usd,2025-11-19 00:00:00
C1MHyoTJpRTeS9AQCyspNVu2EWAYCZwmJ1jNkEArFP1f,0.3316735133678227,0.339064312926633,0.3254400128504003,0.339064312926633,4H,1763524800,9008.655584749999,usd,2025-11-19 04:00:00
C1MHyoTJpRTeS9AQCyspNVu2EWAYCZwmJ1jNkEArFP1f,0.32938881606381615,0.3316735133678227,0.3286241792547831,0.3316735133678227,4H,1763539200,1665.3695129129999,usd,2025-11-19 08:00:00
C1MHyoTJpRTeS9AQCyspNVu2EWAYCZwmJ1jNkEArFP1f,0.32537316364141733,0.3328861570264923,0.3247915388971314,0.32938881606381615,4H,1763553600,15223.814910695995,usd,2025-11-19 12:00:00
C1MHyoTJpRTeS9AQCyspNVu2EWAYCZwmJ1jNkEArFP1f,0.3142712609619919,0.3266308162257905,0.3142712609619919,0.32537316364141733,4H,1763568000,17814.37535226301,usd,2025-11-19 16:00:00
C1MHyoTJpRTeS9AQCyspNVu2EWAYCZwmJ1jNkEArFP1f,0.327908668853913,0.33124339288045535,0.3142712609619919,0.3142712609619919,4H,1763582400,15640.183419034,usd,2025-11-19 20:00:00
C1MHyoTJpRTeS9AQCyspNVu2EWAYCZwmJ1jNkEArFP1f,0.33564592369246277,0.3380181988534477,0.327908668853913,0.327908668853913,4H,1763596800,21639.37878665001,usd,2025-11-20 00:00:00
C1MHyoTJpRTeS9AQCyspNVu2EWAYCZwmJ1jNkEArFP1f,0.33512425641550403,0.3369372325482218,0.3348089781021103,0.33564592369246277,4H,1763611200,6600.118538587,usd,2025-11-20 04:00:00
C1MHyoTJpRTeS9AQCyspNVu2EWAYCZwmJ1jNkEArFP1f,0.33112140745733704,0.33512425641550403,0.330610931207319,0.33512425641550403,4H,1763625600,4114.901395788999,usd,2025-11-20 08:00:00
C1MHyoTJpRTeS9AQCyspNVu2EWAYCZwmJ1jNkEArFP1f,0.3317820730042337,0.33989514930822573,0.33024328033061257,0.33112140745733704,4H,1763640000,21399.10702210399,usd,2025-11-20 12:00:00
C1MHyoTJpRTeS9AQCyspNVu2EWAYCZwmJ1jNkEArFP1f,0.3101469488983853,0.3317820730042337,0.30724145555236243,0.3317820730042337,4H,1763654400,31604.143472859,usd,2025-11-20 16:00:00
C1MHyoTJpRTeS9AQCyspNVu2EWAYCZwmJ1jNkEArFP1f,0.3172972015054666,0.3172972015054666,0.3091670409644677,0.3101469488983853,4H,1763668800,9402.374015412,usd,2025-11-20 20:00:00
C1MHyoTJpRTeS9AQCyspNVu2EWAYCZwmJ1jNkEArFP1f,0.31210168232280994,0.3189801358429275,0.30883043015742767,0.3172972015054666,4H,1763683200,9597.968886158005,usd,2025-11-21 00:00:00
C1MHyoTJpRTeS9AQCyspNVu2EWAYCZwmJ1jNkEArFP1f,0.29258391710109033,0.31210168232280994,0.29220330372047865,0.31210168232280994,4H,1763697600,17597.419878088003,usd,2025-11-21 04:00:00
C1MHyoTJpRTeS9AQCyspNVu2EWAYCZwmJ1jNkEArFP1f,0.28464271361050913,0.29319252093481346,0.28245720108949945,0.29258391710109033,4H,1763712000,12040.086737260996,usd,2025-11-21 08:00:00
C1MHyoTJpRTeS9AQCyspNVu2EWAYCZwmJ1jNkEArFP1f,0.28623238279275354,0.2884954617257827,0.28464271361050913,0.28464271361050913,4H,1763726400,9060.325792473,usd,2025-11-21 12:00:00
C1MHyoTJpRTeS9AQCyspNVu2EWAYCZwmJ1jNkEArFP1f,0.291368623710335,0.291368623710335,0.28623238279275354,0.28623238279275354,4H,1763740800,109.79099535799998,usd,2025-11-21 16:00:00
C1MHyoTJpRTeS9AQCyspNVu2EWAYCZwmJ1jNkEArFP1f,0.286525632415465,0.291368623710335,0.280848071325356,0.291368623710335,4H,1763755200,6011.231611225999,usd,2025-11-21 20:00:00
C1MHyoTJpRTeS9AQCyspNVu2EWAYCZwmJ1jNkEArFP1f,0.286525632415465,0.286525632415465,0.286525632415465,0.286525632415465,4H,1763769600,32.875497015,usd,2025-11-22 00:00:00
C1MHyoTJpRTeS9AQCyspNVu2EWAYCZwmJ1jNkEArFP1f,0.2823359809962649,0.286525632415465,0.27606586351202217,0.286525632415465,4H,1763784000,16539.841363165007,usd,2025-11-22 04:00:00
C1MHyoTJpRTeS9AQCyspNVu2EWAYCZwmJ1jNkEArFP1f,0.28226722196562254,0.2823359809962649,0.27948856052664234,0.2823359809962649,4H,1763798400,4685.717038145999,usd,2025-11-22 08:00:00
C1MHyoTJpRTeS9AQCyspNVu2EWAYCZwmJ1jNkEArFP1f,0.27968930095549077,0.2826651704070878,0.2782718339916293,0.28226722196562254,4H,1763812800,6878.283231548997,usd,2025-11-22 12:00:00
C1MHyoTJpRTeS9AQCyspNVu2EWAYCZwmJ1jNkEArFP1f,0.2799737484031329,0.28122242850838514,0.27968930095549077,0.27968930095549077,4H,1763827200,4067.1282680390004,usd,2025-11-22 16:00:00
C1MHyoTJpRTeS9AQCyspNVu2EWAYCZwmJ1jNkEArFP1f,0.2789814391820306,0.2799737484031329,0.2789814391820306,0.2799737484031329,4H,1763841600,4.358875036000001,usd,2025-11-22 20:00:00
C1MHyoTJpRTeS9AQCyspNVu2EWAYCZwmJ1jNkEArFP1f,0.2847813088684165,0.28624276324624875,0.2789814391820306,0.2789814391820306,4H,1763856000,12077.114826748002,usd,2025-11-23 00:00:00
C1MHyoTJpRTeS9AQCyspNVu2EWAYCZwmJ1jNkEArFP1f,0.2821961139256797,0.2847813088684165,0.2815421945131114,0.2847813088684165,4H,1763870400,1911.930683015,usd,2025-11-23 04:00:00
C1MHyoTJpRTeS9AQCyspNVu2EWAYCZwmJ1jNkEArFP1f,0.2834311148186796,0.2855255074994054,0.2821961139256797,0.2821961139256797,4H,1763884800,2885.223389769,usd,2025-11-23 08:00:00
C1MHyoTJpRTeS9AQCyspNVu2EWAYCZwmJ1jNkEArFP1f,0.28585418795838335,0.2895961973037289,0.2834311148186796,0.2834311148186796,4H,1763899200,12946.328405635004,usd,2025-11-23 12:00:00
C1MHyoTJpRTeS9AQCyspNVu2EWAYCZwmJ1jNkEArFP1f,0.2871606635133829,0.2871606635133829,0.2819084615051145,0.28585418795838335,4H,1763913600,10726.051913370004,usd,2025-11-23 16:00:00
C1MHyoTJpRTeS9AQCyspNVu2EWAYCZwmJ1jNkEArFP1f,0.28335157314828785,0.2877989032741014,0.28256761516202605,0.2871606635133829,4H,1763928000,3010.3208512629994,usd,2025-11-23 20:00:00
C1MHyoTJpRTeS9AQCyspNVu2EWAYCZwmJ1jNkEArFP1f,0.28991159961869506,0.28991159961869506,0.28335157314828785,0.28335157314828785,4H,1763942400,981.267304694,usd,2025-11-24 00:00:00
C1MHyoTJpRTeS9AQCyspNVu2EWAYCZwmJ1jNkEArFP1f,0.28382646831391356,0.28991159961869506,0.2816939446081606,0.28991159961869506,4H,1763956800,6843.488672532,usd,2025-11-24 04:00:00
C1MHyoTJpRTeS9AQCyspNVu2EWAYCZwmJ1jNkEArFP1f,0.28121079404916466,0.28382646831391356,0.28121079404916466,0.28382646831391356,4H,1763971200,1489.5038488380003,usd,2025-11-24 08:00:00
C1MHyoTJpRTeS9AQCyspNVu2EWAYCZwmJ1jNkEArFP1f,0.2887909790779389,0.2900477472716551,0.2800851542651546,0.28121079404916466,4H,1763985600,12414.358931084995,usd,2025-11-24 12:00:00
C1MHyoTJpRTeS9AQCyspNVu2EWAYCZwmJ1jNkEArFP1f,0.2905078963119475,0.292701722679271,0.2870254743434992,0.2887909790779389,4H,1764000000,18935.456713467993,usd,2025-11-24 16:00:00
C1MHyoTJpRTeS9AQCyspNVu2EWAYCZwmJ1jNkEArFP1f,0.29117995177684397,0.29267999417984025,0.2905078963119475,0.2905078963119475,4H,1764014400,4811.693028981999,usd,2025-11-24 20:00:00
C1MHyoTJpRTeS9AQCyspNVu2EWAYCZwmJ1jNkEArFP1f,0.2788809035864385,0.29117995177684397,0.27781068705348233,0.29117995177684397,4H,1764028800,30061.038615498,usd,2025-11-25 00:00:00
C1MHyoTJpRTeS9AQCyspNVu2EWAYCZwmJ1jNkEArFP1f,0.2770400795606873,0.280075101234749,0.27635001262305303,0.2788809035864385,4H,1764043200,8835.176753625003,usd,2025-11-25 04:00:00
C1MHyoTJpRTeS9AQCyspNVu2EWAYCZwmJ1jNkEArFP1f,0.2768616311266074,0.2799193166310429,0.2738573602118856,0.2770400795606873,4H,1764057600,18047.211327808996,usd,2025-11-25 08:00:00
C1MHyoTJpRTeS9AQCyspNVu2EWAYCZwmJ1jNkEArFP1f,0.275108659475759,0.2768616311266074,0.275108659475759,0.2768616311266074,4H,1764072000,1965.7920352010003,usd,2025-11-25 12:00:00
C1MHyoTJpRTeS9AQCyspNVu2EWAYCZwmJ1jNkEArFP1f,0.2762980186985552,0.28170342721917724,0.275108659475759,0.275108659475759,4H,1764086400,8675.654466012998,usd,2025-11-25 16:00:00
C1MHyoTJpRTeS9AQCyspNVu2EWAYCZwmJ1jNkEArFP1f,0.28848498002819994,0.28848498002819994,0.2762980186985552,0.2762980186985552,4H,1764100800,8463.895836545998,usd,2025-11-25 20:00:00
C1MHyoTJpRTeS9AQCyspNVu2EWAYCZwmJ1jNkEArFP1f,0.282742206344591,0.28868674410941775,0.282742206344591,0.28848498002819994,4H,1764115200,10634.683622425999,usd,2025-11-26 00:00:00
C1MHyoTJpRTeS9AQCyspNVu2EWAYCZwmJ1jNkEArFP1f,0.28172250903693036,0.282742206344591,0.2801613281026258,0.282742206344591,4H,1764129600,5889.634555131999,usd,2025-11-26 04:00:00
C1MHyoTJpRTeS9AQCyspNVu2EWAYCZwmJ1jNkEArFP1f,0.2762414463745304,0.28172250903693036,0.2762414463745304,0.28172250903693036,4H,1764144000,1977.28993419,usd,2025-11-26 08:00:00
C1MHyoTJpRTeS9AQCyspNVu2EWAYCZwmJ1jNkEArFP1f,0.27393042977830967,0.2762414463745304,0.2720545087041627,0.2762414463745304,4H,1764158400,3321.4148026599996,usd,2025-11-26 12:00:00
C1MHyoTJpRTeS9AQCyspNVu2EWAYCZwmJ1jNkEArFP1f,0.2858039245487349,0.2883289062610215,0.27393042977830967,0.27393042977830967,4H,1764172800,18611.409964847,usd,2025-11-26 16:00:00
C1MHyoTJpRTeS9AQCyspNVu2EWAYCZwmJ1jNkEArFP1f,0.2818735542218746,0.2858039245487349,0.2810784695560223,0.2858039245487349,4H,1764187200,3614.8727862190003,usd,2025-11-26 20:00:00
C1MHyoTJpRTeS9AQCyspNVu2EWAYCZwmJ1jNkEArFP1f,0.27678565023181784,0.2818735542218746,0.27615769469565543,0.2818735542218746,4H,1764201600,14151.769998485,usd,2025-11-27 00:00:00
C1MHyoTJpRTeS9AQCyspNVu2EWAYCZwmJ1jNkEArFP1f,0.27479242227213674,0.27678565023181784,0.27479242227213674,0.27678565023181784,4H,1764216000,2076.988794154,usd,2025-11-27 04:00:00
C1MHyoTJpRTeS9AQCyspNVu2EWAYCZwmJ1jNkEArFP1f,0.276246639875559,0.2768942508847452,0.2744654465507968,0.27479242227213674,4H,1764230400,6887.891603288998,usd,2025-11-27 08:00:00
C1MHyoTJpRTeS9AQCyspNVu2EWAYCZwmJ1jNkEArFP1f,0.27707689380894346,0.27707689380894346,0.27409546463466955,0.276246639875559,4H,1764244800,4816.905358448,usd,2025-11-27 12:00:00
C1MHyoTJpRTeS9AQCyspNVu2EWAYCZwmJ1jNkEArFP1f,0.2840774922651097,0.2840774922651097,0.27707689380894346,0.27707689380894346,4H,1764259200,15102.966712538,usd,2025-11-27 16:00:00
C1MHyoTJpRTeS9AQCyspNVu2EWAYCZwmJ1jNkEArFP1f,0.27990755272782797,0.2841188857051887,0.27964088919422786,0.2840774922651097,4H,1764273600,4803.609633661999,usd,2025-11-27 20:00:00
C1MHyoTJpRTeS9AQCyspNVu2EWAYCZwmJ1jNkEArFP1f,0.2775915889636434,0.27990755272782797,0.27699428035693463,0.27990755272782797,4H,1764288000,2916.7332400610003,usd,2025-11-28 00:00:00
C1MHyoTJpRTeS9AQCyspNVu2EWAYCZwmJ1jNkEArFP1f,0.27477405326781057,0.278369845047847,0.27385658517629147,0.2775915889636434,4H,1764302400,12399.584816685,usd,2025-11-28 04:00:00
C1MHyoTJpRTeS9AQCyspNVu2EWAYCZwmJ1jNkEArFP1f,0.2807128001876341,0.28269250182200567,0.27433681959775524,0.27477405326781057,4H,1764316800,14830.577622463996,usd,2025-11-28 08:00:00
C1MHyoTJpRTeS9AQCyspNVu2EWAYCZwmJ1jNkEArFP1f,0.28152620121762173,0.2816915230958335,0.2770112312711481,0.2807128001876341,4H,1764331200,10881.348907756998,usd,2025-11-28 12:00:00
C1MHyoTJpRTeS9AQCyspNVu2EWAYCZwmJ1jNkEArFP1f,0.2712842485123907,0.28152620121762173,0.2674543880438181,0.28152620121762173,4H,1764345600,7194.9226793419975,usd,2025-11-28 16:00:00
C1MHyoTJpRTeS9AQCyspNVu2EWAYCZwmJ1jNkEArFP1f,0.27055269847937424,0.2716847462794561,0.2699472051439518,0.2712842485123907,4H,1764360000,3074.418974142,usd,2025-11-28 20:00:00
C1MHyoTJpRTeS9AQCyspNVu2EWAYCZwmJ1jNkEArFP1f,0.273611778473871,0.2739378848109576,0.27055269847937424,0.27055269847937424,4H,1764374400,6062.002933824,usd,2025-11-29 00:00:00
C1MHyoTJpRTeS9AQCyspNVu2EWAYCZwmJ1jNkEArFP1f,0.27311676888678516,0.2736650745287123,0.27242133131667834,0.273611778473871,4H,1764388800,5067.898840929,usd,2025-11-29 04:00:00
C1MHyoTJpRTeS9AQCyspNVu2EWAYCZwmJ1jNkEArFP1f,0.2702587814715331,0.27311676888678516,0.2702587814715331,0.27311676888678516,4H,1764403200,2045.123143196,usd,2025-11-29 08:00:00
C1MHyoTJpRTeS9AQCyspNVu2EWAYCZwmJ1jNkEArFP1f,0.2689741713995382,0.2727785810023907,0.2684905051413549,0.2702587814715331,4H,1764417600,7143.844137850999,usd,2025-11-29 12:00:00
C1MHyoTJpRTeS9AQCyspNVu2EWAYCZwmJ1jNkEArFP1f,0.26649052961518604,0.2707693454451103,0.2639644163928359,0.2689741713995382,4H,1764432000,18457.921814807007,usd,2025-11-29 16:00:00
C1MHyoTJpRTeS9AQCyspNVu2EWAYCZwmJ1jNkEArFP1f,0.26838523488809557,0.2684877822924166,0.2663529250635391,0.26649052961518604,4H,1764446400,1068.861346342,usd,2025-11-29 20:00:00
C1MHyoTJpRTeS9AQCyspNVu2EWAYCZwmJ1jNkEArFP1f,0.26351646800473727,0.26838523488809557,0.2628694051272948,0.26838523488809557,4H,1764460800,8364.803258334001,usd,2025-11-30 00:00:00
C1MHyoTJpRTeS9AQCyspNVu2EWAYCZwmJ1jNkEArFP1f,0.2646981437442013,0.2652758596222488,0.26351646800473727,0.26351646800473727,4H,1764475200,2695.6569804799997,usd,2025-11-30 04:00:00
C1MHyoTJpRTeS9AQCyspNVu2EWAYCZwmJ1jNkEArFP1f,0.26285862768667156,0.265283787528894,0.26285862768667156,0.2646981437442013,4H,1764489600,5739.771180898997,usd,2025-11-30 08:00:00
C1MHyoTJpRTeS9AQCyspNVu2EWAYCZwmJ1jNkEArFP1f,0.2630129474100714,0.2677703257540213,0.26189866301661646,0.26285862768667156,4H,1764504000,9969.77043435,usd,2025-11-30 12:00:00
C1MHyoTJpRTeS9AQCyspNVu2EWAYCZwmJ1jNkEArFP1f,0.26433801353593245,0.26507550860372053,0.2630129474100714,0.2630129474100714,4H,1764518400,4319.759872248,usd,2025-11-30 16:00:00
C1MHyoTJpRTeS9AQCyspNVu2EWAYCZwmJ1jNkEArFP1f,0.2585971498282593,0.26433801353593245,0.2585971498282593,0.26433801353593245,4H,1764532800,4235.4648086530015,usd,2025-11-30 20:00:00
C1MHyoTJpRTeS9AQCyspNVu2EWAYCZwmJ1jNkEArFP1f,0.23740631679321003,0.2585971498282593,0.23656968415420881,0.2585971498282593,4H,1764547200,37905.95680072699,usd,2025-12-01 00:00:00
C1MHyoTJpRTeS9AQCyspNVu2EWAYCZwmJ1jNkEArFP1f,0.23856034386614006,0.24036549942209826,0.23486572087209123,0.23740631679321003,4H,1764561600,34086.56910232999,usd,2025-12-01 04:00:00
C1MHyoTJpRTeS9AQCyspNVu2EWAYCZwmJ1jNkEArFP1f,0.23774907421533625,0.2407749972976346,0.2374469099942163,0.23856034386614006,4H,1764576000,15040.773520528997,usd,2025-12-01 08:00:00
C1MHyoTJpRTeS9AQCyspNVu2EWAYCZwmJ1jNkEArFP1f,0.23978761004918395,0.23990604488388226,0.23342641754780352,0.23774907421533625,4H,1764590400,26692.052959005996,usd,2025-12-01 12:00:00
C1MHyoTJpRTeS9AQCyspNVu2EWAYCZwmJ1jNkEArFP1f,0.234897071882151,0.23978761004918395,0.23459309729516886,0.23978761004918395,4H,1764604800,17581.456516200004,usd,2025-12-01 16:00:00
C1MHyoTJpRTeS9AQCyspNVu2EWAYCZwmJ1jNkEArFP1f,0.23811514555527338,0.23811514555527338,0.234897071882151,0.234897071882151,4H,1764619200,10665.535095186999,usd,2025-12-01 20:00:00
C1MHyoTJpRTeS9AQCyspNVu2EWAYCZwmJ1jNkEArFP1f,0.23729620945761595,0.23844260216602886,0.23663467116528386,0.23811514555527338,4H,1764633600,5685.4165135739995,usd,2025-12-02 00:00:00
C1MHyoTJpRTeS9AQCyspNVu2EWAYCZwmJ1jNkEArFP1f,0.23652936703042285,0.23729620945761595,0.23646025609149054,0.23729620945761595,4H,1764648000,2326.611602336,usd,2025-12-02 04:00:00
C1MHyoTJpRTeS9AQCyspNVu2EWAYCZwmJ1jNkEArFP1f,0.2366756098745148,0.23882025581786545,0.23419338845121013,0.23652936703042285,4H,1764662400,11661.530143951999,usd,2025-12-02 08:00:00
C1MHyoTJpRTeS9AQCyspNVu2EWAYCZwmJ1jNkEArFP1f,0.25672274338150153,0.25775945696853,0.23609057712892878,0.2366756098745148,4H,1764676800,29590.978165114004,usd,2025-12-02 12:00:00
C1MHyoTJpRTeS9AQCyspNVu2EWAYCZwmJ1jNkEArFP1f,0.2529464499566821,0.2589021813916721,0.25290945909105483,0.25672274338150153,4H,1764691200,27260.669244887016,usd,2025-12-02 16:00:00
C1MHyoTJpRTeS9AQCyspNVu2EWAYCZwmJ1jNkEArFP1f,0.2493257014801982,0.25343589474536093,0.24832368731810947,0.2529464499566821,4H,1764705600,7793.277662380001,usd,2025-12-02 20:00:00
C1MHyoTJpRTeS9AQCyspNVu2EWAYCZwmJ1jNkEArFP1f,0.24563075321156377,0.2493257014801982,0.24563075321156377,0.2493257014801982,4H,1764720000,17596.902395774003,usd,2025-12-03 00:00:00
C1MHyoTJpRTeS9AQCyspNVu2EWAYCZwmJ1jNkEArFP1f,0.24859221501162374,0.24859221501162374,0.24485623197701967,0.24563075321156377,4H,1764734400,5975.524617904,usd,2025-12-03 04:00:00
C1MHyoTJpRTeS9AQCyspNVu2EWAYCZwmJ1jNkEArFP1f,0.24407397458757596,0.24859221501162374,0.24407397458757596,0.24859221501162374,4H,1764748800,5442.531616248,usd,2025-12-03 08:00:00
C1MHyoTJpRTeS9AQCyspNVu2EWAYCZwmJ1jNkEArFP1f,0.24178685361482172,0.24430218855783814,0.23624547557007447,0.24407397458757596,4H,1764763200,27294.191288817008,usd,2025-12-03 12:00:00
C1MHyoTJpRTeS9AQCyspNVu2EWAYCZwmJ1jNkEArFP1f,0.24440350979720735,0.24525849074326928,0.2416876603304739,0.24178685361482172,4H,1764777600,14934.744791800003,usd,2025-12-03 16:00:00
C1MHyoTJpRTeS9AQCyspNVu2EWAYCZwmJ1jNkEArFP1f,0.252479059199668,0.2584032786263804,0.2430528607759524,0.24440350979720735,4H,1764792000,162764.56291477493,usd,2025-12-03 20:00:00
C1MHyoTJpRTeS9AQCyspNVu2EWAYCZwmJ1jNkEArFP1f,0.2536533970604519,0.2537718381593946,0.2509599584278185,0.252479059199668,4H,1764806400,4119.403749532,usd,2025-12-04 00:00:00
C1MHyoTJpRTeS9AQCyspNVu2EWAYCZwmJ1jNkEArFP1f,0.2536533970604519,0.2536533970604519,0.2536533970604519,0.2536533970604519,4H,1764820800,0.0,usd,2025-12-04 04:00:00
C1MHyoTJpRTeS9AQCyspNVu2EWAYCZwmJ1jNkEArFP1f,0.24772713481446193,0.2536533970604519,0.24772713481446193,0.2536533970604519,4H,1764835200,3414.4562893740003,usd,2025-12-04 08:00:00
C1MHyoTJpRTeS9AQCyspNVu2EWAYCZwmJ1jNkEArFP1f,0.24504826674890892,0.24772713481446193,0.24384450957057452,0.24772713481446193,4H,1764849600,12444.580055519997,usd,2025-12-04 12:00:00
C1MHyoTJpRTeS9AQCyspNVu2EWAYCZwmJ1jNkEArFP1f,0.23659689785692145,0.24504826674890892,0.23659689785692145,0.24504826674890892,4H,1764864000,2587.7400674329997,usd,2025-12-04 16:00:00
C1MHyoTJpRTeS9AQCyspNVu2EWAYCZwmJ1jNkEArFP1f,0.23740621549916804,0.23781527057287377,0.23659689785692145,0.23659689785692145,4H,1764878400,3411.120538436,usd,2025-12-04 20:00:00
C1MHyoTJpRTeS9AQCyspNVu2EWAYCZwmJ1jNkEArFP1f,0.23740621549916804,0.23740621549916804,0.23740621549916804,0.23740621549916804,4H,1764892800,46.848050206,usd,2025-12-05 00:00:00
C1MHyoTJpRTeS9AQCyspNVu2EWAYCZwmJ1jNkEArFP1f,0.23906634593985673,0.23909468627701808,0.235850305748634,0.23740621549916804,4H,1764907200,7062.101846716,usd,2025-12-05 04:00:00
C1MHyoTJpRTeS9AQCyspNVu2EWAYCZwmJ1jNkEArFP1f,0.23235839080410614,0.240586374724718,0.23157826807850337,0.23906634593985673,4H,1764921600,22209.837609273993,usd,2025-12-05 08:00:00
C1MHyoTJpRTeS9AQCyspNVu2EWAYCZwmJ1jNkEArFP1f,0.23336793070959713,0.23370744720040215,0.22987271311499244,0.23235839080410614,4H,1764936000,14088.946328275002,usd,2025-12-05 12:00:00
C1MHyoTJpRTeS9AQCyspNVu2EWAYCZwmJ1jNkEArFP1f,0.2228711708421132,0.23336793070959713,0.2228711708421132,0.23336793070959713,4H,1764950400,13373.202479892001,usd,2025-12-05 16:00:00
C1MHyoTJpRTeS9AQCyspNVu2EWAYCZwmJ1jNkEArFP1f,0.23131416965003682,0.23166010890700103,0.2228711708421132,0.2228711708421132,4H,1764964800,21729.951420687998,usd,2025-12-05 20:00:00
C1MHyoTJpRTeS9AQCyspNVu2EWAYCZwmJ1jNkEArFP1f,0.23485944110509704,0.23485944110509704,0.23131416965003682,0.23131416965003682,4H,1764979200,14339.69586199,usd,2025-12-06 00:00:00
C1MHyoTJpRTeS9AQCyspNVu2EWAYCZwmJ1jNkEArFP1f,0.23688074154904518,0.23743698763220153,0.23336916172920158,0.23485944110509704,4H,1764993600,15700.896807552002,usd,2025-12-06 04:00:00
C1MHyoTJpRTeS9AQCyspNVu2EWAYCZwmJ1jNkEArFP1f,0.2431277075896796,0.24394181664734751,0.23571988335061403,0.23688074154904518,4H,1765008000,44858.99842803199,usd,2025-12-06 08:00:00
C1MHyoTJpRTeS9AQCyspNVu2EWAYCZwmJ1jNkEArFP1f,0.2390376224463229,0.2443220058753856,0.23841104281725858,0.2431277075896796,4H,1765022400,30346.558288439013,usd,2025-12-06 12:00:00
C1MHyoTJpRTeS9AQCyspNVu2EWAYCZwmJ1jNkEArFP1f,0.23784161283945257,0.23952550311216525,0.23784161283945257,0.2390376224463229,4H,1765036800,6948.110313501003,usd,2025-12-06 16:00:00
C1MHyoTJpRTeS9AQCyspNVu2EWAYCZwmJ1jNkEArFP1f,0.2369768432557013,0.23893834158881075,0.2369053291076961,0.23784161283945257,4H,1765051200,2319.467699957,usd,2025-12-06 20:00:00
C1MHyoTJpRTeS9AQCyspNVu2EWAYCZwmJ1jNkEArFP1f,0.23686891708816699,0.23744445587406487,0.23650838470331886,0.2369768432557013,4H,1765065600,4656.239806994001,usd,2025-12-07 00:00:00
C1MHyoTJpRTeS9AQCyspNVu2EWAYCZwmJ1jNkEArFP1f,0.23536736686105578,0.23729567922546996,0.23536736686105578,0.23686891708816699,4H,1765080000,3537.2607467759995,usd,2025-12-07 04:00:00
C1MHyoTJpRTeS9AQCyspNVu2EWAYCZwmJ1jNkEArFP1f,0.23222596056393854,0.23536736686105578,0.23222596056393854,0.23536736686105578,4H,1765094400,7115.892769057001,usd,2025-12-07 08:00:00
C1MHyoTJpRTeS9AQCyspNVu2EWAYCZwmJ1jNkEArFP1f,0.229590847467,0.2332217892124341,0.22364367356376277,0.23222596056393854,4H,1765108800,9179.804449473004,usd,2025-12-07 12:00:00
C1MHyoTJpRTeS9AQCyspNVu2EWAYCZwmJ1jNkEArFP1f,0.23488599116354048,0.23492931454008006,0.22693301586718034,0.229590847467,4H,1765123200,13113.948738973999,usd,2025-12-07 16:00:00
C1MHyoTJpRTeS9AQCyspNVu2EWAYCZwmJ1jNkEArFP1f,0.2263538195315597,0.23521074021192828,0.22576754088180823,0.23488599116354048,4H,1765137600,5197.957803016999,usd,2025-12-07 20:00:00
C1MHyoTJpRTeS9AQCyspNVu2EWAYCZwmJ1jNkEArFP1f,0.2319862254319958,0.2319862254319958,0.2263538195315597,0.2263538195315597,4H,1765152000,5933.257217363998,usd,2025-12-08 00:00:00
C1MHyoTJpRTeS9AQCyspNVu2EWAYCZwmJ1jNkEArFP1f,0.2356896328429247,0.23587047481359,0.2319862254319958,0.2319862254319958,4H,1765166400,4706.073001222999,usd,2025-12-08 04:00:00
C1MHyoTJpRTeS9AQCyspNVu2EWAYCZwmJ1jNkEArFP1f,0.24412429297393837,0.24447905091810945,0.2356896328429247,0.2356896328429247,4H,1765180800,22723.473835094,usd,2025-12-08 08:00:00
C1MHyoTJpRTeS9AQCyspNVu2EWAYCZwmJ1jNkEArFP1f,0.24066508251647706,0.24412429297393837,0.23868413647836692,0.24412429297393837,4H,1765195200,13688.977804344004,usd,2025-12-08 12:00:00
C1MHyoTJpRTeS9AQCyspNVu2EWAYCZwmJ1jNkEArFP1f,0.2338865275061758,0.24066508251647706,0.2338865275061758,0.24066508251647706,4H,1765209600,12729.099295664002,usd,2025-12-08 16:00:00
C1MHyoTJpRTeS9AQCyspNVu2EWAYCZwmJ1jNkEArFP1f,0.23481377135897522,0.23781053206412792,0.23368582221396544,0.2338865275061758,4H,1765224000,10578.523959549002,usd,2025-12-08 20:00:00
C1MHyoTJpRTeS9AQCyspNVu2EWAYCZwmJ1jNkEArFP1f,0.23334534147953023,0.23727834701629527,0.23280509683405315,0.23481377135897522,4H,1765238400,12918.183836127999,usd,2025-12-09 00:00:00
C1MHyoTJpRTeS9AQCyspNVu2EWAYCZwmJ1jNkEArFP1f,0.23273000515535147,0.23488965091854336,0.23095015170497743,0.23334534147953023,4H,1765252800,6777.992498013001,usd,2025-12-09 04:00:00
C1MHyoTJpRTeS9AQCyspNVu2EWAYCZwmJ1jNkEArFP1f,0.2309032608258245,0.23273000515535147,0.23064822782974723,0.23273000515535147,4H,1765267200,2543.050731654,usd,2025-12-09 08:00:00
C1MHyoTJpRTeS9AQCyspNVu2EWAYCZwmJ1jNkEArFP1f,0.2457297774061722,0.2457297774061722,0.2309032608258245,0.2309032608258245,4H,1765281600,22347.79867887401,usd,2025-12-09 12:00:00
C1MHyoTJpRTeS9AQCyspNVu2EWAYCZwmJ1jNkEArFP1f,0.25750814844919334,0.26838999887332765,0.2457297774061722,0.2457297774061722,4H,1765296000,97656.85756407706,usd,2025-12-09 16:00:00
C1MHyoTJpRTeS9AQCyspNVu2EWAYCZwmJ1jNkEArFP1f,0.24766840493500888,0.25752442979488205,0.24655862651720725,0.25750814844919334,4H,1765310400,17565.40086053501,usd,2025-12-09 20:00:00
C1MHyoTJpRTeS9AQCyspNVu2EWAYCZwmJ1jNkEArFP1f,0.2406400898051935,0.24766840493500888,0.24018285533413117,0.24766840493500888,4H,1765324800,15897.701647286996,usd,2025-12-10 00:00:00
C1MHyoTJpRTeS9AQCyspNVu2EWAYCZwmJ1jNkEArFP1f,0.23844879670277602,0.24237601438293016,0.23844879670277602,0.2406400898051935,4H,1765339200,9169.358436432003,usd,2025-12-10 04:00:00
C1MHyoTJpRTeS9AQCyspNVu2EWAYCZwmJ1jNkEArFP1f,0.2362071653105992,0.24003007370573104,0.2362071653105992,0.23844879670277602,4H,1765353600,4144.414598111,usd,2025-12-10 08:00:00
C1MHyoTJpRTeS9AQCyspNVu2EWAYCZwmJ1jNkEArFP1f,0.2380895078521415,0.23998494771866757,0.2362071653105992,0.2362071653105992,4H,1765368000,10416.606424698002,usd,2025-12-10 12:00:00
C1MHyoTJpRTeS9AQCyspNVu2EWAYCZwmJ1jNkEArFP1f,0.24316302230703227,0.24316302230703227,0.2380895078521415,0.2380895078521415,4H,1765382400,18498.38400572599,usd,2025-12-10 16:00:00
C1MHyoTJpRTeS9AQCyspNVu2EWAYCZwmJ1jNkEArFP1f,0.23858408328847602,0.24605560400239576,0.2353930931634192,0.24316302230703227,4H,1765396800,18610.676163533997,usd,2025-12-10 20:00:00
C1MHyoTJpRTeS9AQCyspNVu2EWAYCZwmJ1jNkEArFP1f,0.22757064320043,0.23858408328847602,0.22652869706889064,0.23858408328847602,4H,1765411200,13131.687175218003,usd,2025-12-11 00:00:00
C1MHyoTJpRTeS9AQCyspNVu2EWAYCZwmJ1jNkEArFP1f,0.22574879959900254,0.22757064320043,0.2248572501695713,0.22757064320043,4H,1765425600,7769.164050128001,usd,2025-12-11 04:00:00
C1MHyoTJpRTeS9AQCyspNVu2EWAYCZwmJ1jNkEArFP1f,0.22554590276184727,0.2259890825419432,0.2250115299218724,0.22574879959900254,4H,1765440000,2435.426768187,usd,2025-12-11 08:00:00
