address,high,open,low,close,type,volume,unixTime,currency,timestamp
BshVPBvgqSZ9UAsgEaLVnSteGqUR7nLfxfXn6URM4MMb,5.610426583418126e-05,5.610426583418126e-05,5.610426583418126e-05,5.610426583418126e-05,1D,0.0,1733961600,usd,2024-12-12
BshVPBvgqSZ9UAsgEaLVnSteGqUR7nLfxfXn6URM4MMb,5.610426583418126e-05,5.610426583418126e-05,5.503708665857609e-05,5.503708665857609e-05,1D,3000000.0,1734048000,usd,2024-12-13
BshVPBvgqSZ9UAsgEaLVnSteGqUR7nLfxfXn6URM4MMb,5.503708665857609e-05,5.503708665857609e-05,5.383802730357878e-05,5.383802730357878e-05,1D,214221.999277605,1734134400,usd,2024-12-14
BshVPBvgqSZ9UAsgEaLVnSteGqUR7nLfxfXn6URM4MMb,5.383802730357878e-05,5.383802730357878e-05,5.375678004647132e-05,5.375678004647132e-05,1D,3600000.0,1734220800,usd,2024-12-15
BshVPBvgqSZ9UAsgEaLVnSteGqUR7nLfxfXn6URM4MMb,5.375678004647132e-05,5.375678004647132e-05,5.2786157885955245e-05,5.32272108688586e-05,1D,363673.738793149,1734307200,usd,2024-12-16
BshVPBvgqSZ9UAsgEaLVnSteGqUR7nLfxfXn6URM4MMb,5.5064823030518134e-05,5.32272108688586e-05,5.2144131726621345e-05,5.5064823030518134e-05,1D,353081.97183918196,1734393600,usd,2024-12-17
BshVPBvgqSZ9UAsgEaLVnSteGqUR7nLfxfXn6URM4MMb,5.5064823030518134e-05,5.5064823030518134e-05,5.2785607321015164e-05,5.2785607321015164e-05,1D,106313.16737677499,1734480000,usd,2024-12-18
BshVPBvgqSZ9UAsgEaLVnSteGqUR7nLfxfXn6URM4MMb,5.2785607321015164e-05,5.2785607321015164e-05,5.069625664092084e-05,5.069625664092084e-05,1D,40965.644606603,1734566400,usd,2024-12-19
BshVPBvgqSZ9UAsgEaLVnSteGqUR7nLfxfXn6URM4MMb,5.069625664092084e-05,5.069625664092084e-05,4.4107101164855216e-05,4.4107101164855216e-05,1D,48656.659295022,1734652800,usd,2024-12-20
BshVPBvgqSZ9UAsgEaLVnSteGqUR7nLfxfXn6URM4MMb,4.4107101164855216e-05,4.4107101164855216e-05,4.4107101164855216e-05,4.4107101164855216e-05,1D,0.0,1734739200,usd,2024-12-21
BshVPBvgqSZ9UAsgEaLVnSteGqUR7nLfxfXn6URM4MMb,4.439558726520292e-05,4.4107101164855216e-05,4.378245180928493e-05,4.378245180928493e-05,1D,1292090.486035988,1734825600,usd,2024-12-22
BshVPBvgqSZ9UAsgEaLVnSteGqUR7nLfxfXn6URM4MMb,4.680135928180941e-05,4.378245180928493e-05,4.378245180928493e-05,4.680135928180941e-05,1D,12337534.282272838,1734912000,usd,2024-12-23
BshVPBvgqSZ9UAsgEaLVnSteGqUR7nLfxfXn6URM4MMb,4.7653469871137955e-05,4.680135928180941e-05,4.598520432544982e-05,4.7653469871137955e-05,1D,1509546.4651051108,1734998400,usd,2024-12-24
BshVPBvgqSZ9UAsgEaLVnSteGqUR7nLfxfXn6URM4MMb,4.803772096980274e-05,4.7653469871137955e-05,4.7653469871137955e-05,4.803772096980274e-05,1D,9700.388209039,1735084800,usd,2024-12-25
BshVPBvgqSZ9UAsgEaLVnSteGqUR7nLfxfXn6URM4MMb,4.803772096980274e-05,4.803772096980274e-05,4.581318733292925e-05,4.581318733292925e-05,1D,510867.95556082507,1735171200,usd,2024-12-26
BshVPBvgqSZ9UAsgEaLVnSteGqUR7nLfxfXn6URM4MMb,4.581318733292925e-05,4.581318733292925e-05,4.581318733292925e-05,4.581318733292925e-05,1D,0.0,1735257600,usd,2024-12-27
BshVPBvgqSZ9UAsgEaLVnSteGqUR7nLfxfXn6URM4MMb,4.581318733292925e-05,4.581318733292925e-05,4.484398111368469e-05,4.557472687772248e-05,1D,1335752.352843313,1735344000,usd,2024-12-28
BshVPBvgqSZ9UAsgEaLVnSteGqUR7nLfxfXn6URM4MMb,4.73690451909395e-05,4.557472687772248e-05,4.557472687772248e-05,4.691602066452963e-05,1D,697476.9240651979,1735430400,usd,2024-12-29
BshVPBvgqSZ9UAsgEaLVnSteGqUR7nLfxfXn6URM4MMb,4.717196977733711e-05,4.691602066452963e-05,4.56288293807922e-05,4.626623347631525e-05,1D,366183.61708675395,1735516800,usd,2024-12-30
BshVPBvgqSZ9UAsgEaLVnSteGqUR7nLfxfXn6URM4MMb,4.771101506144036e-05,4.626623347631525e-05,4.626623347631525e-05,4.7021078882372174e-05,1D,6930767.434788798,1735603200,usd,2024-12-31
BshVPBvgqSZ9UAsgEaLVnSteGqUR7nLfxfXn6URM4MMb,4.7021078882372174e-05,4.7021078882372174e-05,4.6693986372872684e-05,4.6693986372872684e-05,1D,61578.500695108,1735689600,usd,2025-01-01
BshVPBvgqSZ9UAsgEaLVnSteGqUR7nLfxfXn6URM4MMb,5.063141315840345e-05,4.6693986372872684e-05,4.6693986372872684e-05,5.0232365859322855e-05,1D,199508.908885414,1735776000,usd,2025-01-02
BshVPBvgqSZ9UAsgEaLVnSteGqUR7nLfxfXn6URM4MMb,5.290823864415848e-05,5.0232365859322855e-05,5.0232365859322855e-05,5.290823864415848e-05,1D,9434.0,1735862400,usd,2025-01-03
BshVPBvgqSZ9UAsgEaLVnSteGqUR7nLfxfXn6URM4MMb,5.290823864415848e-05,5.290823864415848e-05,5.258362018231311e-05,5.287279187158918e-05,1D,3471134.9082383327,1735948800,usd,2025-01-04
BshVPBvgqSZ9UAsgEaLVnSteGqUR7nLfxfXn6URM4MMb,5.287279187158918e-05,5.287279187158918e-05,5.2102925230727276e-05,5.2102925230727276e-05,1D,438643.024982614,1736035200,usd,2025-01-05
BshVPBvgqSZ9UAsgEaLVnSteGqUR7nLfxfXn6URM4MMb,5.377189687265634e-05,5.2102925230727276e-05,5.2017715978944325e-05,5.3771670263287246e-05,1D,16581336.205855899,1736121600,usd,2025-01-06
BshVPBvgqSZ9UAsgEaLVnSteGqUR7nLfxfXn6URM4MMb,5.3771670263287246e-05,5.3771670263287246e-05,5.242009499166835e-05,5.242009499166835e-05,1D,45418.58866554,1736208000,usd,2025-01-07
BshVPBvgqSZ9UAsgEaLVnSteGqUR7nLfxfXn6URM4MMb,5.242009499166835e-05,5.242009499166835e-05,4.77102038410374e-05,4.7794677915756175e-05,1D,619534.923076827,1736294400,usd,2025-01-08
BshVPBvgqSZ9UAsgEaLVnSteGqUR7nLfxfXn6URM4MMb,4.7794677915756175e-05,4.7794677915756175e-05,4.493484493418925e-05,4.493484493418925e-05,1D,13132184.920265647,1736380800,usd,2025-01-09
BshVPBvgqSZ9UAsgEaLVnSteGqUR7nLfxfXn6URM4MMb,4.636514073057534e-05,4.493484493418925e-05,4.493484493418925e-05,4.636472082061682e-05,1D,2402204.312972353,1736467200,usd,2025-01-10
BshVPBvgqSZ9UAsgEaLVnSteGqUR7nLfxfXn6URM4MMb,4.636472082061682e-05,4.636472082061682e-05,4.636472082061682e-05,4.636472082061682e-05,1D,0.0,1736553600,usd,2025-01-11
BshVPBvgqSZ9UAsgEaLVnSteGqUR7nLfxfXn6URM4MMb,5.759545840830999e-05,4.636472082061682e-05,4.52382028422468e-05,4.566401307462992e-05,1D,1797567132.6680982,1736640000,usd,2025-01-12
BshVPBvgqSZ9UAsgEaLVnSteGqUR7nLfxfXn6URM4MMb,4.662322903804474e-05,4.566401307462992e-05,4.24730944622201e-05,4.406233338292295e-05,1D,11969001.34213928,1736726400,usd,2025-01-13
BshVPBvgqSZ9UAsgEaLVnSteGqUR7nLfxfXn6URM4MMb,4.406233338292295e-05,4.406233338292295e-05,4.406233338292295e-05,4.406233338292295e-05,1D,0.0,1736812800,usd,2025-01-14
BshVPBvgqSZ9UAsgEaLVnSteGqUR7nLfxfXn6URM4MMb,4.5282517679557795e-05,4.406233338292295e-05,4.406233338292295e-05,4.5282517679557795e-05,1D,2000000.0,1736899200,usd,2025-01-15
BshVPBvgqSZ9UAsgEaLVnSteGqUR7nLfxfXn6URM4MMb,5.24382492051542e-05,4.5282517679557795e-05,4.5282517679557795e-05,5.145216493232995e-05,1D,959490.804515746,1736985600,usd,2025-01-16
BshVPBvgqSZ9UAsgEaLVnSteGqUR7nLfxfXn6URM4MMb,5.145216493232995e-05,5.145216493232995e-05,5.145216493232995e-05,5.145216493232995e-05,1D,0.0,1737072000,usd,2025-01-17
BshVPBvgqSZ9UAsgEaLVnSteGqUR7nLfxfXn6URM4MMb,6.106173815989943e-05,5.145216493232995e-05,5.145216493232995e-05,6.106173815989943e-05,1D,1445806.5227737522,1737158400,usd,2025-01-18
BshVPBvgqSZ9UAsgEaLVnSteGqUR7nLfxfXn6URM4MMb,6.933427995340156e-05,6.106173815989943e-05,6.106173815989943e-05,6.61097035072114e-05,1D,1391277.013103314,1737244800,usd,2025-01-19
BshVPBvgqSZ9UAsgEaLVnSteGqUR7nLfxfXn6URM4MMb,6.61097035072114e-05,6.61097035072114e-05,5.926237362194151e-05,6.29895729665549e-05,1D,395227.055122818,1737331200,usd,2025-01-20
BshVPBvgqSZ9UAsgEaLVnSteGqUR7nLfxfXn6URM4MMb,6.29895729665549e-05,6.29895729665549e-05,5.817570789153946e-05,6.178403246775047e-05,1D,213724.03928113802,1737417600,usd,2025-01-21
BshVPBvgqSZ9UAsgEaLVnSteGqUR7nLfxfXn6URM4MMb,6.280534867864317e-05,6.178403246775047e-05,6.162851535355084e-05,6.194475359717894e-05,1D,1125267.945674141,1737504000,usd,2025-01-22
BshVPBvgqSZ9UAsgEaLVnSteGqUR7nLfxfXn6URM4MMb,6.194475359717894e-05,6.194475359717894e-05,5.9825645981076794e-05,6.184254238901813e-05,1D,471342.863111988,1737590400,usd,2025-01-23
BshVPBvgqSZ9UAsgEaLVnSteGqUR7nLfxfXn6URM4MMb,6.51781859579987e-05,6.184254238901813e-05,6.0962921059819414e-05,6.347557611419368e-05,1D,121173596.57108317,1737676800,usd,2025-01-24
BshVPBvgqSZ9UAsgEaLVnSteGqUR7nLfxfXn6URM4MMb,6.347557611419368e-05,6.347557611419368e-05,5.977177057975286e-05,6.252771236623643e-05,1D,5395681.660686914,1737763200,usd,2025-01-25
BshVPBvgqSZ9UAsgEaLVnSteGqUR7nLfxfXn6URM4MMb,6.252771236623643e-05,6.252771236623643e-05,6.19874566274412e-05,6.218390717574752e-05,1D,1500834.8035000649,1737849600,usd,2025-01-26
BshVPBvgqSZ9UAsgEaLVnSteGqUR7nLfxfXn6URM4MMb,6.218390717574752e-05,6.218390717574752e-05,5.529161279552262e-05,5.645034164043367e-05,1D,435697.09681215,1737936000,usd,2025-01-27
BshVPBvgqSZ9UAsgEaLVnSteGqUR7nLfxfXn6URM4MMb,5.739100649287099e-05,5.645034164043367e-05,5.466287961145188e-05,5.466287961145188e-05,1D,993031.5073791649,1738022400,usd,2025-01-28
BshVPBvgqSZ9UAsgEaLVnSteGqUR7nLfxfXn6URM4MMb,5.623972146819317e-05,5.466287961145188e-05,5.466287961145188e-05,5.623972146819317e-05,1D,225347.159531948,1738108800,usd,2025-01-29
BshVPBvgqSZ9UAsgEaLVnSteGqUR7nLfxfXn6URM4MMb,6.143514675208055e-05,5.623972146819317e-05,5.623972146819317e-05,5.845875378849069e-05,1D,396807935.5669633,1738195200,usd,2025-01-30
BshVPBvgqSZ9UAsgEaLVnSteGqUR7nLfxfXn6URM4MMb,5.845875378849069e-05,5.845875378849069e-05,5.707360966034288e-05,5.7521340962782e-05,1D,3532176.3365971437,1738281600,usd,2025-01-31
BshVPBvgqSZ9UAsgEaLVnSteGqUR7nLfxfXn6URM4MMb,5.7521340962782e-05,5.7521340962782e-05,5.6194649384136265e-05,5.6194649384136265e-05,1D,138267.868219543,1738368000,usd,2025-02-01
BshVPBvgqSZ9UAsgEaLVnSteGqUR7nLfxfXn6URM4MMb,5.6194649384136265e-05,5.6194649384136265e-05,5.0939232291516895e-05,5.0939232291516895e-05,1D,20374.880919997,1738454400,usd,2025-02-02
BshVPBvgqSZ9UAsgEaLVnSteGqUR7nLfxfXn6URM4MMb,5.0939232291516895e-05,5.0939232291516895e-05,5.0939232291516895e-05,5.0939232291516895e-05,1D,0.0,1738540800,usd,2025-02-03
BshVPBvgqSZ9UAsgEaLVnSteGqUR7nLfxfXn6URM4MMb,5.2979355084014094e-05,5.0939232291516895e-05,4.913927324934498e-05,4.9297828861830536e-05,1D,6571532.878213599,1738627200,usd,2025-02-04
BshVPBvgqSZ9UAsgEaLVnSteGqUR7nLfxfXn6URM4MMb,5.052380009854998e-05,4.9297828861830536e-05,4.8361167904679004e-05,4.8361167904679004e-05,1D,3185869.1046101954,1738713600,usd,2025-02-05
BshVPBvgqSZ9UAsgEaLVnSteGqUR7nLfxfXn6URM4MMb,4.8361167904679004e-05,4.8361167904679004e-05,4.8361167904679004e-05,4.8361167904679004e-05,1D,0.0,1738800000,usd,2025-02-06
BshVPBvgqSZ9UAsgEaLVnSteGqUR7nLfxfXn6URM4MMb,4.8361167904679004e-05,4.8361167904679004e-05,4.8361167904679004e-05,4.8361167904679004e-05,1D,0.0,1738886400,usd,2025-02-07
BshVPBvgqSZ9UAsgEaLVnSteGqUR7nLfxfXn6URM4MMb,4.8361167904679004e-05,4.8361167904679004e-05,4.759279848486659e-05,4.8213785191756226e-05,1D,654756.725379585,1738972800,usd,2025-02-08
BshVPBvgqSZ9UAsgEaLVnSteGqUR7nLfxfXn6URM4MMb,4.8213785191756226e-05,4.8213785191756226e-05,4.8213785191756226e-05,4.8213785191756226e-05,1D,0.0,1739059200,usd,2025-02-09
BshVPBvgqSZ9UAsgEaLVnSteGqUR7nLfxfXn6URM4MMb,4.8213785191756226e-05,4.8213785191756226e-05,4.8213785191756226e-05,4.8213785191756226e-05,1D,0.0,1739145600,usd,2025-02-10
BshVPBvgqSZ9UAsgEaLVnSteGqUR7nLfxfXn6URM4MMb,4.8213785191756226e-05,4.8213785191756226e-05,4.797809820633555e-05,4.8108683614790305e-05,1D,716010.6417670541,1739232000,usd,2025-02-11
BshVPBvgqSZ9UAsgEaLVnSteGqUR7nLfxfXn6URM4MMb,4.8108683614790305e-05,4.8108683614790305e-05,4.671251468843318e-05,4.671251468843318e-05,1D,200000.0,1739318400,usd,2025-02-12
BshVPBvgqSZ9UAsgEaLVnSteGqUR7nLfxfXn6URM4MMb,4.6832733555287946e-05,4.671251468843318e-05,4.6155370603602014e-05,4.6155370603602014e-05,1D,127802.66391106,1739404800,usd,2025-02-13
BshVPBvgqSZ9UAsgEaLVnSteGqUR7nLfxfXn6URM4MMb,4.733800797038328e-05,4.6155370603602014e-05,4.6155370603602014e-05,4.733800797038328e-05,1D,612656.0,1739491200,usd,2025-02-14
BshVPBvgqSZ9UAsgEaLVnSteGqUR7nLfxfXn6URM4MMb,4.8015238631621604e-05,4.733800797038328e-05,4.733800797038328e-05,4.8015238631621604e-05,1D,95372.758558111,1739577600,usd,2025-02-15
BshVPBvgqSZ9UAsgEaLVnSteGqUR7nLfxfXn6URM4MMb,4.8015238631621604e-05,4.8015238631621604e-05,4.5653225486174754e-05,4.598015151094115e-05,1D,768110.832945828,1739664000,usd,2025-02-16
BshVPBvgqSZ9UAsgEaLVnSteGqUR7nLfxfXn6URM4MMb,4.598015151094115e-05,4.598015151094115e-05,4.598015151094115e-05,4.598015151094115e-05,1D,0.0,1739750400,usd,2025-02-17
BshVPBvgqSZ9UAsgEaLVnSteGqUR7nLfxfXn6URM4MMb,4.598015151094115e-05,4.598015151094115e-05,3.973635930016965e-05,3.973635930016965e-05,1D,511484.864410615,1739836800,usd,2025-02-18
BshVPBvgqSZ9UAsgEaLVnSteGqUR7nLfxfXn6URM4MMb,4.1583646662400045e-05,3.973635930016965e-05,3.973635930016965e-05,4.056164046573669e-05,1D,1155893.529356713,1739923200,usd,2025-02-19
BshVPBvgqSZ9UAsgEaLVnSteGqUR7nLfxfXn6URM4MMb,4.056164046573669e-05,4.056164046573669e-05,4.056164046573669e-05,4.056164046573669e-05,1D,0.0,1740009600,usd,2025-02-20
BshVPBvgqSZ9UAsgEaLVnSteGqUR7nLfxfXn6URM4MMb,4.256160717607982e-05,4.056164046573669e-05,4.056164046573669e-05,4.255307447716587e-05,1D,148725.0,1740096000,usd,2025-02-21
BshVPBvgqSZ9UAsgEaLVnSteGqUR7nLfxfXn6URM4MMb,4.255307447716587e-05,4.255307447716587e-05,4.255307447716587e-05,4.255307447716587e-05,1D,0.0,1740182400,usd,2025-02-22
BshVPBvgqSZ9UAsgEaLVnSteGqUR7nLfxfXn6URM4MMb,4.255307447716587e-05,4.255307447716587e-05,4.255307447716587e-05,4.255307447716587e-05,1D,0.0,1740268800,usd,2025-02-23
BshVPBvgqSZ9UAsgEaLVnSteGqUR7nLfxfXn6URM4MMb,4.255307447716587e-05,4.255307447716587e-05,3.624684473285614e-05,3.624684473285614e-05,1D,179225.250661239,1740355200,usd,2025-02-24
BshVPBvgqSZ9UAsgEaLVnSteGqUR7nLfxfXn6URM4MMb,3.624684473285614e-05,3.624684473285614e-05,3.624684473285614e-05,3.624684473285614e-05,1D,0.0,1740441600,usd,2025-02-25
BshVPBvgqSZ9UAsgEaLVnSteGqUR7nLfxfXn6URM4MMb,3.624684473285614e-05,3.624684473285614e-05,3.624684473285614e-05,3.624684473285614e-05,1D,0.0,1740528000,usd,2025-02-26
BshVPBvgqSZ9UAsgEaLVnSteGqUR7nLfxfXn6URM4MMb,3.624684473285614e-05,3.624684473285614e-05,3.318311994454653e-05,3.318311994454653e-05,1D,18670.444726507,1740614400,usd,2025-02-27
BshVPBvgqSZ9UAsgEaLVnSteGqUR7nLfxfXn6URM4MMb,3.318311994454653e-05,3.318311994454653e-05,3.318311994454653e-05,3.318311994454653e-05,1D,0.0,1740700800,usd,2025-02-28
BshVPBvgqSZ9UAsgEaLVnSteGqUR7nLfxfXn6URM4MMb,3.318311994454653e-05,3.318311994454653e-05,3.318311994454653e-05,3.318311994454653e-05,1D,0.0,1740787200,usd,2025-03-01
BshVPBvgqSZ9UAsgEaLVnSteGqUR7nLfxfXn6URM4MMb,3.318311994454653e-05,3.318311994454653e-05,3.318311994454653e-05,3.318311994454653e-05,1D,0.0,1740873600,usd,2025-03-02
BshVPBvgqSZ9UAsgEaLVnSteGqUR7nLfxfXn6URM4MMb,3.762461517188385e-05,3.318311994454653e-05,3.318311994454653e-05,3.762461517188385e-05,1D,306328.0,1740960000,usd,2025-03-03
BshVPBvgqSZ9UAsgEaLVnSteGqUR7nLfxfXn6URM4MMb,3.762461517188385e-05,3.762461517188385e-05,3.530477652774502e-05,3.530477652774502e-05,1D,9567.988775592,1741046400,usd,2025-03-04
BshVPBvgqSZ9UAsgEaLVnSteGqUR7nLfxfXn6URM4MMb,3.530477652774502e-05,3.530477652774502e-05,3.530477652774502e-05,3.530477652774502e-05,1D,0.0,1741132800,usd,2025-03-05
BshVPBvgqSZ9UAsgEaLVnSteGqUR7nLfxfXn6URM4MMb,3.6790001196518564e-05,3.530477652774502e-05,3.530477652774502e-05,3.6790001196518564e-05,1D,555550.590571954,1741219200,usd,2025-03-06
BshVPBvgqSZ9UAsgEaLVnSteGqUR7nLfxfXn6URM4MMb,3.6790001196518564e-05,3.6790001196518564e-05,3.6790001196518564e-05,3.6790001196518564e-05,1D,0.0,1741305600,usd,2025-03-07
BshVPBvgqSZ9UAsgEaLVnSteGqUR7nLfxfXn6URM4MMb,3.6790001196518564e-05,3.6790001196518564e-05,3.6790001196518564e-05,3.6790001196518564e-05,1D,0.0,1741392000,usd,2025-03-08
BshVPBvgqSZ9UAsgEaLVnSteGqUR7nLfxfXn6URM4MMb,3.6790001196518564e-05,3.6790001196518564e-05,3.338901810806196e-05,3.338901810806196e-05,1D,28610.03795105,1741478400,usd,2025-03-09
BshVPBvgqSZ9UAsgEaLVnSteGqUR7nLfxfXn6URM4MMb,3.338901810806196e-05,3.338901810806196e-05,3.338901810806196e-05,3.338901810806196e-05,1D,0.0,1741564800,usd,2025-03-10
BshVPBvgqSZ9UAsgEaLVnSteGqUR7nLfxfXn6URM4MMb,3.338901810806196e-05,3.338901810806196e-05,2.888186134335388e-05,2.888186134335388e-05,1D,13200.0,1741651200,usd,2025-03-11
BshVPBvgqSZ9UAsgEaLVnSteGqUR7nLfxfXn6URM4MMb,2.888186134335388e-05,2.888186134335388e-05,2.888186134335388e-05,2.888186134335388e-05,1D,0.0,1741737600,usd,2025-03-12
BshVPBvgqSZ9UAsgEaLVnSteGqUR7nLfxfXn6URM4MMb,2.888186134335388e-05,2.888186134335388e-05,2.888186134335388e-05,2.888186134335388e-05,1D,0.0,1741824000,usd,2025-03-13
BshVPBvgqSZ9UAsgEaLVnSteGqUR7nLfxfXn6URM4MMb,2.888186134335388e-05,2.888186134335388e-05,2.888186134335388e-05,2.888186134335388e-05,1D,0.0,1741910400,usd,2025-03-14
BshVPBvgqSZ9UAsgEaLVnSteGqUR7nLfxfXn6URM4MMb,2.888186134335388e-05,2.888186134335388e-05,2.888186134335388e-05,2.888186134335388e-05,1D,0.0,1741996800,usd,2025-03-15
BshVPBvgqSZ9UAsgEaLVnSteGqUR7nLfxfXn6URM4MMb,3.382666714294061e-05,2.888186134335388e-05,2.888186134335388e-05,3.0477052472382454e-05,1D,994176726.1398498,1742083200,usd,2025-03-16
BshVPBvgqSZ9UAsgEaLVnSteGqUR7nLfxfXn6URM4MMb,3.131992037799691e-05,3.0477052472382454e-05,3.0477052472382454e-05,3.0739289294781834e-05,1D,271982.159170255,1742169600,usd,2025-03-17
BshVPBvgqSZ9UAsgEaLVnSteGqUR7nLfxfXn6URM4MMb,3.0739289294781834e-05,3.0739289294781834e-05,3.0376142828116527e-05,3.0376142828116527e-05,1D,24603.594312732,1742256000,usd,2025-03-18
BshVPBvgqSZ9UAsgEaLVnSteGqUR7nLfxfXn6URM4MMb,3.2157904719955525e-05,3.0376142828116527e-05,3.0376142828116527e-05,3.2157904719955525e-05,1D,3355193.570024583,1742342400,usd,2025-03-19
BshVPBvgqSZ9UAsgEaLVnSteGqUR7nLfxfXn6URM4MMb,3.2157904719955525e-05,3.2157904719955525e-05,3.2157904719955525e-05,3.2157904719955525e-05,1D,0.0,1742428800,usd,2025-03-20
BshVPBvgqSZ9UAsgEaLVnSteGqUR7nLfxfXn6URM4MMb,3.2157904719955525e-05,3.2157904719955525e-05,3.0281191755307424e-05,3.065539657947189e-05,1D,1471574.921308421,1742515200,usd,2025-03-21
BshVPBvgqSZ9UAsgEaLVnSteGqUR7nLfxfXn6URM4MMb,3.065539657947189e-05,3.065539657947189e-05,3.065539657947189e-05,3.065539657947189e-05,1D,0.0,1742601600,usd,2025-03-22
BshVPBvgqSZ9UAsgEaLVnSteGqUR7nLfxfXn6URM4MMb,3.230689598968333e-05,3.065539657947189e-05,3.065539657947189e-05,3.158786702006563e-05,1D,548320.55548904,1742688000,usd,2025-03-23
BshVPBvgqSZ9UAsgEaLVnSteGqUR7nLfxfXn6URM4MMb,3.4549139405405104e-05,3.158786702006563e-05,3.158786702006563e-05,3.4549139405405104e-05,1D,74993.21282270999,1742774400,usd,2025-03-24
BshVPBvgqSZ9UAsgEaLVnSteGqUR7nLfxfXn6URM4MMb,3.4549139405405104e-05,3.4549139405405104e-05,3.4549139405405104e-05,3.4549139405405104e-05,1D,0.0,1742860800,usd,2025-03-25
BshVPBvgqSZ9UAsgEaLVnSteGqUR7nLfxfXn6URM4MMb,3.4549139405405104e-05,3.4549139405405104e-05,3.4549139405405104e-05,3.4549139405405104e-05,1D,0.0,1742947200,usd,2025-03-26
BshVPBvgqSZ9UAsgEaLVnSteGqUR7nLfxfXn6URM4MMb,3.4549139405405104e-05,3.4549139405405104e-05,3.356491430875925e-05,3.356491430875925e-05,1D,140577.292857539,1743033600,usd,2025-03-27
BshVPBvgqSZ9UAsgEaLVnSteGqUR7nLfxfXn6URM4MMb,3.356491430875925e-05,3.356491430875925e-05,3.3279377943926167e-05,3.3279377943926167e-05,1D,35090.1765,1743120000,usd,2025-03-28
BshVPBvgqSZ9UAsgEaLVnSteGqUR7nLfxfXn6URM4MMb,3.3279377943926167e-05,3.3279377943926167e-05,3.3279377943926167e-05,3.3279377943926167e-05,1D,0.0,1743206400,usd,2025-03-29
BshVPBvgqSZ9UAsgEaLVnSteGqUR7nLfxfXn6URM4MMb,3.3279377943926167e-05,3.3279377943926167e-05,3.0393468642349992e-05,3.0393468642349992e-05,1D,408419.880993082,1743292800,usd,2025-03-30
BshVPBvgqSZ9UAsgEaLVnSteGqUR7nLfxfXn6URM4MMb,3.0393468642349992e-05,3.0393468642349992e-05,3.0393468642349992e-05,3.0393468642349992e-05,1D,0.0,1743379200,usd,2025-03-31
BshVPBvgqSZ9UAsgEaLVnSteGqUR7nLfxfXn6URM4MMb,3.0393468642349992e-05,3.0393468642349992e-05,3.0393468642349992e-05,3.0393468642349992e-05,1D,0.0,1743465600,usd,2025-04-01
BshVPBvgqSZ9UAsgEaLVnSteGqUR7nLfxfXn6URM4MMb,3.0393468642349992e-05,3.0393468642349992e-05,2.98604651835208e-05,2.98604651835208e-05,1D,4364424.674175902,1743552000,usd,2025-04-02
BshVPBvgqSZ9UAsgEaLVnSteGqUR7nLfxfXn6URM4MMb,2.98604651835208e-05,2.98604651835208e-05,2.7454642422629042e-05,2.7546676498851912e-05,1D,37780733.580213785,1743638400,usd,2025-04-03
BshVPBvgqSZ9UAsgEaLVnSteGqUR7nLfxfXn6URM4MMb,2.7546676498851912e-05,2.7546676498851912e-05,2.7546676498851912e-05,2.7546676498851912e-05,1D,0.0,1743724800,usd,2025-04-04
BshVPBvgqSZ9UAsgEaLVnSteGqUR7nLfxfXn6URM4MMb,2.7546676498851912e-05,2.7546676498851912e-05,2.7546676498851912e-05,2.7546676498851912e-05,1D,0.0,1743811200,usd,2025-04-05
BshVPBvgqSZ9UAsgEaLVnSteGqUR7nLfxfXn6URM4MMb,2.7787696784157238e-05,2.7546676498851912e-05,2.7546676498851912e-05,2.7787696784157238e-05,1D,9084.611428928,1743897600,usd,2025-04-06
BshVPBvgqSZ9UAsgEaLVnSteGqUR7nLfxfXn6URM4MMb,2.7787696784157238e-05,2.7787696784157238e-05,2.5599032369035464e-05,2.5599032369035464e-05,1D,412462.622788603,1743984000,usd,2025-04-07
BshVPBvgqSZ9UAsgEaLVnSteGqUR7nLfxfXn6URM4MMb,2.5599032369035464e-05,2.5599032369035464e-05,2.5599032369035464e-05,2.5599032369035464e-05,1D,0.0,1744070400,usd,2025-04-08
BshVPBvgqSZ9UAsgEaLVnSteGqUR7nLfxfXn6URM4MMb,2.8843945308984192e-05,2.5599032369035464e-05,2.5599032369035464e-05,2.8843945308984192e-05,1D,1030307.360546281,1744156800,usd,2025-04-09
BshVPBvgqSZ9UAsgEaLVnSteGqUR7nLfxfXn6URM4MMb,2.8843945308984192e-05,2.8843945308984192e-05,2.8843945308984192e-05,2.8843945308984192e-05,1D,0.0,1744243200,usd,2025-04-10
BshVPBvgqSZ9UAsgEaLVnSteGqUR7nLfxfXn6URM4MMb,2.8843945308984192e-05,2.8843945308984192e-05,2.8843945308984192e-05,2.8843945308984192e-05,1D,0.0,1744329600,usd,2025-04-11
BshVPBvgqSZ9UAsgEaLVnSteGqUR7nLfxfXn6URM4MMb,2.8843945308984192e-05,2.8843945308984192e-05,2.8843945308984192e-05,2.8843945308984192e-05,1D,0.0,1744416000,usd,2025-04-12
BshVPBvgqSZ9UAsgEaLVnSteGqUR7nLfxfXn6URM4MMb,2.8843945308984192e-05,2.8843945308984192e-05,2.8843945308984192e-05,2.8843945308984192e-05,1D,0.0,1744502400,usd,2025-04-13
BshVPBvgqSZ9UAsgEaLVnSteGqUR7nLfxfXn6URM4MMb,3.124246656713505e-05,2.8843945308984192e-05,2.8843945308984192e-05,3.124246656713505e-05,1D,834648.000000007,1744588800,usd,2025-04-14
BshVPBvgqSZ9UAsgEaLVnSteGqUR7nLfxfXn6URM4MMb,3.124246656713505e-05,3.124246656713505e-05,3.124246656713505e-05,3.124246656713505e-05,1D,0.0,1744675200,usd,2025-04-15
BshVPBvgqSZ9UAsgEaLVnSteGqUR7nLfxfXn6URM4MMb,3.124246656713505e-05,3.124246656713505e-05,3.124246656713505e-05,3.124246656713505e-05,1D,0.0,1744761600,usd,2025-04-16
BshVPBvgqSZ9UAsgEaLVnSteGqUR7nLfxfXn6URM4MMb,3.124246656713505e-05,3.124246656713505e-05,3.124246656713505e-05,3.124246656713505e-05,1D,0.0,1744848000,usd,2025-04-17
BshVPBvgqSZ9UAsgEaLVnSteGqUR7nLfxfXn6URM4MMb,3.248573073684898e-05,3.124246656713505e-05,3.124246656713505e-05,3.248573073684898e-05,1D,716251.832567135,1744934400,usd,2025-04-18
BshVPBvgqSZ9UAsgEaLVnSteGqUR7nLfxfXn6URM4MMb,3.248573073684898e-05,3.248573073684898e-05,3.248573073684898e-05,3.248573073684898e-05,1D,0.0,1745020800,usd,2025-04-19
BshVPBvgqSZ9UAsgEaLVnSteGqUR7nLfxfXn6URM4MMb,3.248573073684898e-05,3.248573073684898e-05,3.248573073684898e-05,3.248573073684898e-05,1D,0.0,1745107200,usd,2025-04-20
BshVPBvgqSZ9UAsgEaLVnSteGqUR7nLfxfXn6URM4MMb,3.248573073684898e-05,3.248573073684898e-05,3.248573073684898e-05,3.248573073684898e-05,1D,0.0,1745193600,usd,2025-04-21
BshVPBvgqSZ9UAsgEaLVnSteGqUR7nLfxfXn6URM4MMb,3.248573073684898e-05,3.248573073684898e-05,3.248573073684898e-05,3.248573073684898e-05,1D,0.0,1745280000,usd,2025-04-22
BshVPBvgqSZ9UAsgEaLVnSteGqUR7nLfxfXn6URM4MMb,3.248573073684898e-05,3.248573073684898e-05,3.248573073684898e-05,3.248573073684898e-05,1D,0.0,1745366400,usd,2025-04-23
BshVPBvgqSZ9UAsgEaLVnSteGqUR7nLfxfXn6URM4MMb,3.248573073684898e-05,3.248573073684898e-05,3.248573073684898e-05,3.248573073684898e-05,1D,0.0,1745452800,usd,2025-04-24
BshVPBvgqSZ9UAsgEaLVnSteGqUR7nLfxfXn6URM4MMb,3.248573073684898e-05,3.248573073684898e-05,3.248573073684898e-05,3.248573073684898e-05,1D,0.0,1745539200,usd,2025-04-25
BshVPBvgqSZ9UAsgEaLVnSteGqUR7nLfxfXn6URM4MMb,3.248573073684898e-05,3.248573073684898e-05,3.248573073684898e-05,3.248573073684898e-05,1D,0.0,1745625600,usd,2025-04-26
BshVPBvgqSZ9UAsgEaLVnSteGqUR7nLfxfXn6URM4MMb,3.248573073684898e-05,3.248573073684898e-05,3.248573073684898e-05,3.248573073684898e-05,1D,0.0,1745712000,usd,2025-04-27
BshVPBvgqSZ9UAsgEaLVnSteGqUR7nLfxfXn6URM4MMb,3.248573073684898e-05,3.248573073684898e-05,3.248573073684898e-05,3.248573073684898e-05,1D,0.0,1745798400,usd,2025-04-28
BshVPBvgqSZ9UAsgEaLVnSteGqUR7nLfxfXn6URM4MMb,3.5463386322215865e-05,3.248573073684898e-05,3.248573073684898e-05,3.5463386322215865e-05,1D,387000.0,1745884800,usd,2025-04-29
BshVPBvgqSZ9UAsgEaLVnSteGqUR7nLfxfXn6URM4MMb,3.5463386322215865e-05,3.5463386322215865e-05,3.4316198632474965e-05,3.4316198632474965e-05,1D,23468.643132817,1745971200,usd,2025-04-30
BshVPBvgqSZ9UAsgEaLVnSteGqUR7nLfxfXn6URM4MMb,3.4316198632474965e-05,3.4316198632474965e-05,3.4316198632474965e-05,3.4316198632474965e-05,1D,604.290659426,1746057600,usd,2025-05-01
BshVPBvgqSZ9UAsgEaLVnSteGqUR7nLfxfXn6URM4MMb,3.633641129197109e-05,3.4316198632474965e-05,3.4316198632474965e-05,3.633641129197109e-05,1D,18213.496030834,1746144000,usd,2025-05-02
BshVPBvgqSZ9UAsgEaLVnSteGqUR7nLfxfXn6URM4MMb,3.633641129197109e-05,3.633641129197109e-05,3.555007786021983e-05,3.555007786021983e-05,1D,204085.0,1746230400,usd,2025-05-03
BshVPBvgqSZ9UAsgEaLVnSteGqUR7nLfxfXn6URM4MMb,3.555007786021983e-05,3.555007786021983e-05,3.500652794847321e-05,3.500652794847321e-05,1D,2080062.738338079,1746316800,usd,2025-05-04
BshVPBvgqSZ9UAsgEaLVnSteGqUR7nLfxfXn6URM4MMb,3.500652794847321e-05,3.500652794847321e-05,3.462104175143757e-05,3.462104175143757e-05,1D,11689.213605627,1746403200,usd,2025-05-05
BshVPBvgqSZ9UAsgEaLVnSteGqUR7nLfxfXn6URM4MMb,3.462104175143757e-05,3.462104175143757e-05,3.462104175143757e-05,3.462104175143757e-05,1D,0.0,1746489600,usd,2025-05-06
BshVPBvgqSZ9UAsgEaLVnSteGqUR7nLfxfXn6URM4MMb,3.5561763542994544e-05,3.462104175143757e-05,3.462104175143757e-05,3.5561763542994544e-05,1D,571209.4698935892,1746576000,usd,2025-05-07
BshVPBvgqSZ9UAsgEaLVnSteGqUR7nLfxfXn6URM4MMb,3.7518369956190495e-05,3.5561763542994544e-05,3.5561763542994544e-05,3.7518369956190495e-05,1D,152007.451455673,1746662400,usd,2025-05-08
BshVPBvgqSZ9UAsgEaLVnSteGqUR7nLfxfXn6URM4MMb,3.7518369956190495e-05,3.7518369956190495e-05,3.7518369956190495e-05,3.7518369956190495e-05,1D,0.0,1746748800,usd,2025-05-09
BshVPBvgqSZ9UAsgEaLVnSteGqUR7nLfxfXn6URM4MMb,3.7518369956190495e-05,3.7518369956190495e-05,3.7518369956190495e-05,3.7518369956190495e-05,1D,0.0,1746835200,usd,2025-05-10
BshVPBvgqSZ9UAsgEaLVnSteGqUR7nLfxfXn6URM4MMb,4.260213653744146e-05,3.7518369956190495e-05,3.7518369956190495e-05,4.170414404586052e-05,1D,304984.953969516,1746921600,usd,2025-05-11
BshVPBvgqSZ9UAsgEaLVnSteGqUR7nLfxfXn6URM4MMb,4.28926099111723e-05,4.170414404586052e-05,4.1624959018578905e-05,4.1624959018578905e-05,1D,332483.606053737,1747008000,usd,2025-05-12
BshVPBvgqSZ9UAsgEaLVnSteGqUR7nLfxfXn6URM4MMb,4.2280629008908865e-05,4.1624959018578905e-05,4.0887584685360854e-05,4.207774924745437e-05,1D,152933116.30897775,1747094400,usd,2025-05-13
BshVPBvgqSZ9UAsgEaLVnSteGqUR7nLfxfXn6URM4MMb,4.355338524608974e-05,4.207774924745437e-05,4.207774924745437e-05,4.2549967318834925e-05,1D,208077.759450174,1747180800,usd,2025-05-14
BshVPBvgqSZ9UAsgEaLVnSteGqUR7nLfxfXn6URM4MMb,4.2549967318834925e-05,4.2549967318834925e-05,4.2549967318834925e-05,4.2549967318834925e-05,1D,0.0,1747267200,usd,2025-05-15
BshVPBvgqSZ9UAsgEaLVnSteGqUR7nLfxfXn6URM4MMb,4.2549967318834925e-05,4.2549967318834925e-05,4.073817214214986e-05,4.073817214214986e-05,1D,101897331.96920101,1747353600,usd,2025-05-16
BshVPBvgqSZ9UAsgEaLVnSteGqUR7nLfxfXn6URM4MMb,4.105480588577709e-05,4.073817214214986e-05,3.992528809106585e-05,3.992528809106585e-05,1D,24633921.02954235,1747440000,usd,2025-05-17
BshVPBvgqSZ9UAsgEaLVnSteGqUR7nLfxfXn6URM4MMb,4.2615961893622104e-05,3.992528809106585e-05,3.992528809106585e-05,4.2615961893622104e-05,1D,1972896.59041359,1747526400,usd,2025-05-18
BshVPBvgqSZ9UAsgEaLVnSteGqUR7nLfxfXn6URM4MMb,4.2615961893622104e-05,4.2615961893622104e-05,3.910822941368535e-05,3.9110111061841225e-05,1D,1096370.045887306,1747612800,usd,2025-05-19
BshVPBvgqSZ9UAsgEaLVnSteGqUR7nLfxfXn6URM4MMb,4.054602179494201e-05,3.9110111061841225e-05,3.9110111061841225e-05,4.054602179494201e-05,1D,9647.526511239,1747699200,usd,2025-05-20
BshVPBvgqSZ9UAsgEaLVnSteGqUR7nLfxfXn6URM4MMb,4.054602179494201e-05,4.054602179494201e-05,4.040407486452762e-05,4.040407486452762e-05,1D,110437.750729498,1747785600,usd,2025-05-21
BshVPBvgqSZ9UAsgEaLVnSteGqUR7nLfxfXn6URM4MMb,4.321722699675211e-05,4.040407486452762e-05,4.040407486452762e-05,4.321722699675211e-05,1D,50560.426261992,1747872000,usd,2025-05-22
BshVPBvgqSZ9UAsgEaLVnSteGqUR7nLfxfXn6URM4MMb,4.321722699675211e-05,4.321722699675211e-05,4.321722699675211e-05,4.321722699675211e-05,1D,0.0,1747958400,usd,2025-05-23
BshVPBvgqSZ9UAsgEaLVnSteGqUR7nLfxfXn6URM4MMb,4.321722699675211e-05,4.321722699675211e-05,4.268430712286829e-05,4.268430712286829e-05,1D,464974.429215879,1748044800,usd,2025-05-24
BshVPBvgqSZ9UAsgEaLVnSteGqUR7nLfxfXn6URM4MMb,4.268430712286829e-05,4.268430712286829e-05,4.133718656242628e-05,4.1913111799787496e-05,1D,44969.606322987005,1748131200,usd,2025-05-25
BshVPBvgqSZ9UAsgEaLVnSteGqUR7nLfxfXn6URM4MMb,4.1913111799787496e-05,4.1913111799787496e-05,4.1913111799787496e-05,4.1913111799787496e-05,1D,0.0,1748217600,usd,2025-05-26
BshVPBvgqSZ9UAsgEaLVnSteGqUR7nLfxfXn6URM4MMb,4.310835517262844e-05,4.1913111799787496e-05,4.1913111799787496e-05,4.310835517262844e-05,1D,91204.046920893,1748304000,usd,2025-05-27
BshVPBvgqSZ9UAsgEaLVnSteGqUR7nLfxfXn6URM4MMb,4.310835517262844e-05,4.310835517262844e-05,4.239193815615164e-05,4.239193815615164e-05,1D,206336.40554143,1748390400,usd,2025-05-28
BshVPBvgqSZ9UAsgEaLVnSteGqUR7nLfxfXn6URM4MMb,4.239193815615164e-05,4.239193815615164e-05,4.239193815615164e-05,4.239193815615164e-05,1D,0.0,1748476800,usd,2025-05-29
BshVPBvgqSZ9UAsgEaLVnSteGqUR7nLfxfXn6URM4MMb,4.239193815615164e-05,4.239193815615164e-05,3.856056484850975e-05,3.856056484850975e-05,1D,10220882.355089765,1748563200,usd,2025-05-30
BshVPBvgqSZ9UAsgEaLVnSteGqUR7nLfxfXn6URM4MMb,3.856056484850975e-05,3.856056484850975e-05,3.7346256264872805e-05,3.7744382001998233e-05,1D,404403.699743352,1748649600,usd,2025-05-31
BshVPBvgqSZ9UAsgEaLVnSteGqUR7nLfxfXn6URM4MMb,3.7744382001998233e-05,3.7744382001998233e-05,3.7744382001998233e-05,3.7744382001998233e-05,1D,0.0,1748736000,usd,2025-06-01
BshVPBvgqSZ9UAsgEaLVnSteGqUR7nLfxfXn6URM4MMb,3.7744382001998233e-05,3.7744382001998233e-05,3.7292322066936544e-05,3.7292322066936544e-05,1D,1106661.870547794,1748822400,usd,2025-06-02
BshVPBvgqSZ9UAsgEaLVnSteGqUR7nLfxfXn6URM4MMb,3.8673709883270806e-05,3.7292322066936544e-05,3.7292322066936544e-05,3.7403526369570985e-05,1D,794734.340463092,1748908800,usd,2025-06-03
BshVPBvgqSZ9UAsgEaLVnSteGqUR7nLfxfXn6URM4MMb,3.7537627996759355e-05,3.7403526369570985e-05,3.7403526369570985e-05,3.7488391339181266e-05,1D,365901.91449019697,1748995200,usd,2025-06-04
BshVPBvgqSZ9UAsgEaLVnSteGqUR7nLfxfXn6URM4MMb,3.7488391339181266e-05,3.7488391339181266e-05,3.7488391339181266e-05,3.7488391339181266e-05,1D,0.0,1749081600,usd,2025-06-05
BshVPBvgqSZ9UAsgEaLVnSteGqUR7nLfxfXn6URM4MMb,3.7488391339181266e-05,3.7488391339181266e-05,3.590972391168531e-05,3.590972391168531e-05,1D,2893709.869514195,1749168000,usd,2025-06-06
BshVPBvgqSZ9UAsgEaLVnSteGqUR7nLfxfXn6URM4MMb,3.590972391168531e-05,3.590972391168531e-05,3.590972391168531e-05,3.590972391168531e-05,1D,0.0,1749254400,usd,2025-06-07
BshVPBvgqSZ9UAsgEaLVnSteGqUR7nLfxfXn6URM4MMb,3.590972391168531e-05,3.590972391168531e-05,3.590972391168531e-05,3.590972391168531e-05,1D,0.0,1749340800,usd,2025-06-08
BshVPBvgqSZ9UAsgEaLVnSteGqUR7nLfxfXn6URM4MMb,3.590972391168531e-05,3.590972391168531e-05,3.590972391168531e-05,3.590972391168531e-05,1D,0.0,1749427200,usd,2025-06-09
BshVPBvgqSZ9UAsgEaLVnSteGqUR7nLfxfXn6URM4MMb,3.819757692790678e-05,3.590972391168531e-05,3.590972391168531e-05,3.819757692790678e-05,1D,392555.438924726,1749513600,usd,2025-06-10
BshVPBvgqSZ9UAsgEaLVnSteGqUR7nLfxfXn6URM4MMb,3.996635310020961e-05,3.819757692790678e-05,3.819757692790678e-05,3.996635310020961e-05,1D,47997.017617472,1749600000,usd,2025-06-11
BshVPBvgqSZ9UAsgEaLVnSteGqUR7nLfxfXn6URM4MMb,3.996635310020961e-05,3.996635310020961e-05,3.996635310020961e-05,3.996635310020961e-05,1D,0.0,1749686400,usd,2025-06-12
BshVPBvgqSZ9UAsgEaLVnSteGqUR7nLfxfXn6URM4MMb,3.996635310020961e-05,3.996635310020961e-05,3.996635310020961e-05,3.996635310020961e-05,1D,0.0,1749772800,usd,2025-06-13
BshVPBvgqSZ9UAsgEaLVnSteGqUR7nLfxfXn6URM4MMb,3.996635310020961e-05,3.996635310020961e-05,3.473165170283789e-05,3.473165170283789e-05,1D,29479.859113956,1749859200,usd,2025-06-14
BshVPBvgqSZ9UAsgEaLVnSteGqUR7nLfxfXn6URM4MMb,3.473165170283789e-05,3.473165170283789e-05,3.473165170283789e-05,3.473165170283789e-05,1D,0.0,1749945600,usd,2025-06-15
BshVPBvgqSZ9UAsgEaLVnSteGqUR7nLfxfXn6URM4MMb,3.473165170283789e-05,3.473165170283789e-05,3.473165170283789e-05,3.473165170283789e-05,1D,0.0,1750032000,usd,2025-06-16
BshVPBvgqSZ9UAsgEaLVnSteGqUR7nLfxfXn6URM4MMb,3.643442529583924e-05,3.473165170283789e-05,3.473165170283789e-05,3.643442529583924e-05,1D,479276.424943048,1750118400,usd,2025-06-17
BshVPBvgqSZ9UAsgEaLVnSteGqUR7nLfxfXn6URM4MMb,3.643442529583924e-05,3.643442529583924e-05,3.643442529583924e-05,3.643442529583924e-05,1D,0.0,1750204800,usd,2025-06-18
BshVPBvgqSZ9UAsgEaLVnSteGqUR7nLfxfXn6URM4MMb,3.643442529583924e-05,3.643442529583924e-05,3.643442529583924e-05,3.643442529583924e-05,1D,0.0,1750291200,usd,2025-06-19
BshVPBvgqSZ9UAsgEaLVnSteGqUR7nLfxfXn6URM4MMb,3.643442529583924e-05,3.643442529583924e-05,3.389561277278052e-05,3.389561277278052e-05,1D,8287423.893299784,1750377600,usd,2025-06-20
BshVPBvgqSZ9UAsgEaLVnSteGqUR7nLfxfXn6URM4MMb,3.389561277278052e-05,3.389561277278052e-05,3.389561277278052e-05,3.389561277278052e-05,1D,0.0,1750464000,usd,2025-06-21
BshVPBvgqSZ9UAsgEaLVnSteGqUR7nLfxfXn6URM4MMb,3.389561277278052e-05,3.389561277278052e-05,3.081169817300579e-05,3.081169817300579e-05,1D,501150.41074942,1750550400,usd,2025-06-22
BshVPBvgqSZ9UAsgEaLVnSteGqUR7nLfxfXn6URM4MMb,3.081169817300579e-05,3.081169817300579e-05,3.081169817300579e-05,3.081169817300579e-05,1D,0.0,1750636800,usd,2025-06-23
BshVPBvgqSZ9UAsgEaLVnSteGqUR7nLfxfXn6URM4MMb,3.5240080344165757e-05,3.081169817300579e-05,3.081169817300579e-05,3.5143722018777305e-05,1D,81202851.7055531,1750723200,usd,2025-06-24
BshVPBvgqSZ9UAsgEaLVnSteGqUR7nLfxfXn6URM4MMb,3.516051119238125e-05,3.5143722018777305e-05,3.4600731567123694e-05,3.4600731567123694e-05,1D,1031033.716232426,1750809600,usd,2025-06-25
BshVPBvgqSZ9UAsgEaLVnSteGqUR7nLfxfXn6URM4MMb,3.4600731567123694e-05,3.4600731567123694e-05,3.4600731567123694e-05,3.4600731567123694e-05,1D,0.0,1750896000,usd,2025-06-26
BshVPBvgqSZ9UAsgEaLVnSteGqUR7nLfxfXn6URM4MMb,3.4600731567123694e-05,3.4600731567123694e-05,3.4371337303735805e-05,3.4371337303735805e-05,1D,444769.118730222,1750982400,usd,2025-06-27
BshVPBvgqSZ9UAsgEaLVnSteGqUR7nLfxfXn6URM4MMb,3.4371337303735805e-05,3.4371337303735805e-05,3.4371337303735805e-05,3.4371337303735805e-05,1D,0.0,1751068800,usd,2025-06-28
BshVPBvgqSZ9UAsgEaLVnSteGqUR7nLfxfXn6URM4MMb,3.614083794674219e-05,3.4371337303735805e-05,3.4371337303735805e-05,3.614083794674219e-05,1D,50798.099128855,1751155200,usd,2025-06-29
BshVPBvgqSZ9UAsgEaLVnSteGqUR7nLfxfXn6URM4MMb,3.614083794674219e-05,3.614083794674219e-05,3.614083794674219e-05,3.614083794674219e-05,1D,0.0,1751241600,usd,2025-06-30
BshVPBvgqSZ9UAsgEaLVnSteGqUR7nLfxfXn6URM4MMb,3.614083794674219e-05,3.614083794674219e-05,3.614083794674219e-05,3.614083794674219e-05,1D,0.0,1751328000,usd,2025-07-01
BshVPBvgqSZ9UAsgEaLVnSteGqUR7nLfxfXn6URM4MMb,3.614083794674219e-05,3.614083794674219e-05,3.614083794674219e-05,3.614083794674219e-05,1D,0.0,1751414400,usd,2025-07-02
BshVPBvgqSZ9UAsgEaLVnSteGqUR7nLfxfXn6URM4MMb,3.614083794674219e-05,3.614083794674219e-05,3.614083794674219e-05,3.614083794674219e-05,1D,0.0,1751500800,usd,2025-07-03
BshVPBvgqSZ9UAsgEaLVnSteGqUR7nLfxfXn6URM4MMb,3.63192547113642e-05,3.614083794674219e-05,3.614083794674219e-05,3.63192547113642e-05,1D,19413.161406963,1751587200,usd,2025-07-04
BshVPBvgqSZ9UAsgEaLVnSteGqUR7nLfxfXn6URM4MMb,3.63192547113642e-05,3.63192547113642e-05,3.63192547113642e-05,3.63192547113642e-05,1D,0.0,1751673600,usd,2025-07-05
BshVPBvgqSZ9UAsgEaLVnSteGqUR7nLfxfXn6URM4MMb,3.663999836048267e-05,3.63192547113642e-05,3.63192547113642e-05,3.663999836048267e-05,1D,1546087.371589806,1751760000,usd,2025-07-06
BshVPBvgqSZ9UAsgEaLVnSteGqUR7nLfxfXn6URM4MMb,3.663999836048267e-05,3.663999836048267e-05,3.663999836048267e-05,3.663999836048267e-05,1D,0.0,1751846400,usd,2025-07-07
BshVPBvgqSZ9UAsgEaLVnSteGqUR7nLfxfXn6URM4MMb,3.663999836048267e-05,3.663999836048267e-05,3.663999836048267e-05,3.663999836048267e-05,1D,0.0,1751932800,usd,2025-07-08
BshVPBvgqSZ9UAsgEaLVnSteGqUR7nLfxfXn6URM4MMb,3.663999836048267e-05,3.663999836048267e-05,3.6401170471116294e-05,3.6401170471116294e-05,1D,361912.019896491,1752019200,usd,2025-07-09
BshVPBvgqSZ9UAsgEaLVnSteGqUR7nLfxfXn6URM4MMb,3.6401170471116294e-05,3.6401170471116294e-05,3.6401170471116294e-05,3.6401170471116294e-05,1D,0.0,1752105600,usd,2025-07-10
BshVPBvgqSZ9UAsgEaLVnSteGqUR7nLfxfXn6URM4MMb,3.9324883466086324e-05,3.6401170471116294e-05,3.6401170471116294e-05,3.9324883466086324e-05,1D,41071.639385939,1752192000,usd,2025-07-11
BshVPBvgqSZ9UAsgEaLVnSteGqUR7nLfxfXn6URM4MMb,3.9324883466086324e-05,3.9324883466086324e-05,3.9324883466086324e-05,3.9324883466086324e-05,1D,0.0,1752278400,usd,2025-07-12
BshVPBvgqSZ9UAsgEaLVnSteGqUR7nLfxfXn6URM4MMb,3.9324883466086324e-05,3.9324883466086324e-05,3.9324883466086324e-05,3.9324883466086324e-05,1D,0.0,1752364800,usd,2025-07-13
BshVPBvgqSZ9UAsgEaLVnSteGqUR7nLfxfXn6URM4MMb,3.9324883466086324e-05,3.9324883466086324e-05,3.9324883466086324e-05,3.9324883466086324e-05,1D,0.0,1752451200,usd,2025-07-14
BshVPBvgqSZ9UAsgEaLVnSteGqUR7nLfxfXn6URM4MMb,3.9324883466086324e-05,3.9324883466086324e-05,3.9324883466086324e-05,3.9324883466086324e-05,1D,0.0,1752537600,usd,2025-07-15
BshVPBvgqSZ9UAsgEaLVnSteGqUR7nLfxfXn6URM4MMb,3.9324883466086324e-05,3.9324883466086324e-05,3.9324883466086324e-05,3.9324883466086324e-05,1D,0.0,1752624000,usd,2025-07-16
BshVPBvgqSZ9UAsgEaLVnSteGqUR7nLfxfXn6URM4MMb,3.9324883466086324e-05,3.9324883466086324e-05,3.9324883466086324e-05,3.9324883466086324e-05,1D,0.0,1752710400,usd,2025-07-17
BshVPBvgqSZ9UAsgEaLVnSteGqUR7nLfxfXn6URM4MMb,4.20777068288168e-05,3.9324883466086324e-05,3.9324883466086324e-05,4.20777068288168e-05,1D,108539.578292331,1752796800,usd,2025-07-18
BshVPBvgqSZ9UAsgEaLVnSteGqUR7nLfxfXn6URM4MMb,4.20777068288168e-05,4.20777068288168e-05,4.20777068288168e-05,4.20777068288168e-05,1D,0.0,1752883200,usd,2025-07-19
BshVPBvgqSZ9UAsgEaLVnSteGqUR7nLfxfXn6URM4MMb,4.341683651930971e-05,4.20777068288168e-05,4.20777068288168e-05,4.341683651930971e-05,1D,448657.459860355,1752969600,usd,2025-07-20
BshVPBvgqSZ9UAsgEaLVnSteGqUR7nLfxfXn6URM4MMb,4.7043252495337975e-05,4.341683651930971e-05,4.341683651930971e-05,4.666060539217775e-05,1D,417971.05027086,1753056000,usd,2025-07-21
BshVPBvgqSZ9UAsgEaLVnSteGqUR7nLfxfXn6URM4MMb,4.79424939504791e-05,4.666060539217775e-05,4.666060539217775e-05,4.79424939504791e-05,1D,930638.598952301,1753142400,usd,2025-07-22
BshVPBvgqSZ9UAsgEaLVnSteGqUR7nLfxfXn6URM4MMb,4.79424939504791e-05,4.79424939504791e-05,4.79424939504791e-05,4.79424939504791e-05,1D,0.0,1753228800,usd,2025-07-23
BshVPBvgqSZ9UAsgEaLVnSteGqUR7nLfxfXn6URM4MMb,4.79424939504791e-05,4.79424939504791e-05,4.79424939504791e-05,4.79424939504791e-05,1D,0.0,1753315200,usd,2025-07-24
BshVPBvgqSZ9UAsgEaLVnSteGqUR7nLfxfXn6URM4MMb,4.79424939504791e-05,4.79424939504791e-05,4.79424939504791e-05,4.79424939504791e-05,1D,0.0,1753401600,usd,2025-07-25
BshVPBvgqSZ9UAsgEaLVnSteGqUR7nLfxfXn6URM4MMb,4.79424939504791e-05,4.79424939504791e-05,4.79424939504791e-05,4.79424939504791e-05,1D,0.0,1753488000,usd,2025-07-26
BshVPBvgqSZ9UAsgEaLVnSteGqUR7nLfxfXn6URM4MMb,4.79424939504791e-05,4.79424939504791e-05,4.79424939504791e-05,4.79424939504791e-05,1D,0.0,1753574400,usd,2025-07-27
BshVPBvgqSZ9UAsgEaLVnSteGqUR7nLfxfXn6URM4MMb,4.79424939504791e-05,4.79424939504791e-05,4.604557633010255e-05,4.604557633010255e-05,1D,26577.685023579,1753660800,usd,2025-07-28
BshVPBvgqSZ9UAsgEaLVnSteGqUR7nLfxfXn6URM4MMb,4.604557633010255e-05,4.604557633010255e-05,4.604557633010255e-05,4.604557633010255e-05,1D,0.0,1753747200,usd,2025-07-29
BshVPBvgqSZ9UAsgEaLVnSteGqUR7nLfxfXn6URM4MMb,4.604557633010255e-05,4.604557633010255e-05,4.28603017624036e-05,4.28603017624036e-05,1D,178527.182031837,1753833600,usd,2025-07-30
BshVPBvgqSZ9UAsgEaLVnSteGqUR7nLfxfXn6URM4MMb,4.28603017624036e-05,4.28603017624036e-05,4.28603017624036e-05,4.28603017624036e-05,1D,0.0,1753920000,usd,2025-07-31
BshVPBvgqSZ9UAsgEaLVnSteGqUR7nLfxfXn6URM4MMb,4.28603017624036e-05,4.28603017624036e-05,4.28603017624036e-05,4.28603017624036e-05,1D,0.0,1754006400,usd,2025-08-01
BshVPBvgqSZ9UAsgEaLVnSteGqUR7nLfxfXn6URM4MMb,4.28603017624036e-05,4.28603017624036e-05,3.9360299583623455e-05,3.9360299583623455e-05,1D,161484.299657318,1754092800,usd,2025-08-02
BshVPBvgqSZ9UAsgEaLVnSteGqUR7nLfxfXn6URM4MMb,3.9360299583623455e-05,3.9360299583623455e-05,3.9360299583623455e-05,3.9360299583623455e-05,1D,0.0,1754179200,usd,2025-08-03
BshVPBvgqSZ9UAsgEaLVnSteGqUR7nLfxfXn6URM4MMb,3.9360299583623455e-05,3.9360299583623455e-05,3.9360299583623455e-05,3.9360299583623455e-05,1D,1860.76012712,1754265600,usd,2025-08-04
BshVPBvgqSZ9UAsgEaLVnSteGqUR7nLfxfXn6URM4MMb,3.9360299583623455e-05,3.9360299583623455e-05,3.9360299583623455e-05,3.9360299583623455e-05,1D,0.0,1754352000,usd,2025-08-05
BshVPBvgqSZ9UAsgEaLVnSteGqUR7nLfxfXn6URM4MMb,3.966472097988326e-05,3.9360299583623455e-05,3.9360299583623455e-05,3.966472097988326e-05,1D,628123.0,1754438400,usd,2025-08-06
BshVPBvgqSZ9UAsgEaLVnSteGqUR7nLfxfXn6URM4MMb,3.966472097988326e-05,3.966472097988326e-05,3.966472097988326e-05,3.966472097988326e-05,1D,0.0,1754524800,usd,2025-08-07
BshVPBvgqSZ9UAsgEaLVnSteGqUR7nLfxfXn6URM4MMb,3.966472097988326e-05,3.966472097988326e-05,3.966472097988326e-05,3.966472097988326e-05,1D,0.0,1754611200,usd,2025-08-08
BshVPBvgqSZ9UAsgEaLVnSteGqUR7nLfxfXn6URM4MMb,3.966472097988326e-05,3.966472097988326e-05,3.966472097988326e-05,3.966472097988326e-05,1D,0.0,1754697600,usd,2025-08-09
BshVPBvgqSZ9UAsgEaLVnSteGqUR7nLfxfXn6URM4MMb,3.966472097988326e-05,3.966472097988326e-05,3.966472097988326e-05,3.966472097988326e-05,1D,0.0,1754784000,usd,2025-08-10
BshVPBvgqSZ9UAsgEaLVnSteGqUR7nLfxfXn6URM4MMb,4.4689971301363794e-05,3.966472097988326e-05,3.966472097988326e-05,4.422603233152748e-05,1D,450140.640619837,1754870400,usd,2025-08-11
BshVPBvgqSZ9UAsgEaLVnSteGqUR7nLfxfXn6URM4MMb,4.422603233152748e-05,4.422603233152748e-05,4.422603233152748e-05,4.422603233152748e-05,1D,0.0,1754956800,usd,2025-08-12
BshVPBvgqSZ9UAsgEaLVnSteGqUR7nLfxfXn6URM4MMb,4.422603233152748e-05,4.422603233152748e-05,4.422603233152748e-05,4.422603233152748e-05,1D,0.0,1755043200,usd,2025-08-13
BshVPBvgqSZ9UAsgEaLVnSteGqUR7nLfxfXn6URM4MMb,4.422603233152748e-05,4.422603233152748e-05,4.422603233152748e-05,4.422603233152748e-05,1D,0.0,1755129600,usd,2025-08-14
BshVPBvgqSZ9UAsgEaLVnSteGqUR7nLfxfXn6URM4MMb,4.460173025795339e-05,4.422603233152748e-05,4.422603233152748e-05,4.438023341806028e-05,1D,139500.834743741,1755216000,usd,2025-08-15
BshVPBvgqSZ9UAsgEaLVnSteGqUR7nLfxfXn6URM4MMb,4.438023341806028e-05,4.438023341806028e-05,4.438023341806028e-05,4.438023341806028e-05,1D,0.0,1755302400,usd,2025-08-16
BshVPBvgqSZ9UAsgEaLVnSteGqUR7nLfxfXn6URM4MMb,4.438023341806028e-05,4.438023341806028e-05,4.438023341806028e-05,4.438023341806028e-05,1D,0.0,1755388800,usd,2025-08-17
BshVPBvgqSZ9UAsgEaLVnSteGqUR7nLfxfXn6URM4MMb,4.438023341806028e-05,4.438023341806028e-05,4.4310247032020945e-05,4.4310247032020945e-05,1D,150491.349,1755475200,usd,2025-08-18
BshVPBvgqSZ9UAsgEaLVnSteGqUR7nLfxfXn6URM4MMb,4.4310247032020945e-05,4.4310247032020945e-05,4.4310247032020945e-05,4.4310247032020945e-05,1D,0.0,1755561600,usd,2025-08-19
BshVPBvgqSZ9UAsgEaLVnSteGqUR7nLfxfXn6URM4MMb,4.4310247032020945e-05,4.4310247032020945e-05,4.4310247032020945e-05,4.4310247032020945e-05,1D,0.0,1755648000,usd,2025-08-20
BshVPBvgqSZ9UAsgEaLVnSteGqUR7nLfxfXn6URM4MMb,4.4310247032020945e-05,4.4310247032020945e-05,4.298100620271216e-05,4.298100620271216e-05,1D,41070000.0,1755734400,usd,2025-08-21
BshVPBvgqSZ9UAsgEaLVnSteGqUR7nLfxfXn6URM4MMb,4.7308645949185134e-05,4.298100620271216e-05,4.298100620271216e-05,4.7308645949185134e-05,1D,29973.364349194,1755820800,usd,2025-08-22
BshVPBvgqSZ9UAsgEaLVnSteGqUR7nLfxfXn6URM4MMb,4.785884438235719e-05,4.7308645949185134e-05,4.7308645949185134e-05,4.785884438235719e-05,1D,460540.541143471,1755907200,usd,2025-08-23
BshVPBvgqSZ9UAsgEaLVnSteGqUR7nLfxfXn6URM4MMb,4.933654844860895e-05,4.785884438235719e-05,4.785884438235719e-05,4.933654844860895e-05,1D,209373.0,1755993600,usd,2025-08-24
BshVPBvgqSZ9UAsgEaLVnSteGqUR7nLfxfXn6URM4MMb,4.933654844860895e-05,4.933654844860895e-05,4.691386181021623e-05,4.691386181021623e-05,1D,98413.768944046,1756080000,usd,2025-08-25
BshVPBvgqSZ9UAsgEaLVnSteGqUR7nLfxfXn6URM4MMb,4.691386181021623e-05,4.691386181021623e-05,4.691386181021623e-05,4.691386181021623e-05,1D,0.0,1756166400,usd,2025-08-26
BshVPBvgqSZ9UAsgEaLVnSteGqUR7nLfxfXn6URM4MMb,4.691386181021623e-05,4.691386181021623e-05,4.691386181021623e-05,4.691386181021623e-05,1D,0.0,1756252800,usd,2025-08-27
BshVPBvgqSZ9UAsgEaLVnSteGqUR7nLfxfXn6URM4MMb,4.869647300962391e-05,4.691386181021623e-05,4.691386181021623e-05,4.869647300962391e-05,1D,247639.0,1756339200,usd,2025-08-28
BshVPBvgqSZ9UAsgEaLVnSteGqUR7nLfxfXn6URM4MMb,4.869647300962391e-05,4.869647300962391e-05,4.869647300962391e-05,4.869647300962391e-05,1D,0.0,1756425600,usd,2025-08-29
BshVPBvgqSZ9UAsgEaLVnSteGqUR7nLfxfXn6URM4MMb,4.869647300962391e-05,4.869647300962391e-05,4.869647300962391e-05,4.869647300962391e-05,1D,0.0,1756512000,usd,2025-08-30
BshVPBvgqSZ9UAsgEaLVnSteGqUR7nLfxfXn6URM4MMb,4.869647300962391e-05,4.869647300962391e-05,4.8530090726726924e-05,4.8530090726726924e-05,1D,5355.477533937,1756598400,usd,2025-08-31
BshVPBvgqSZ9UAsgEaLVnSteGqUR7nLfxfXn6URM4MMb,4.8530090726726924e-05,4.8530090726726924e-05,4.8530090726726924e-05,4.8530090726726924e-05,1D,0.0,1756684800,usd,2025-09-01
BshVPBvgqSZ9UAsgEaLVnSteGqUR7nLfxfXn6URM4MMb,4.8530090726726924e-05,4.8530090726726924e-05,4.8318003192581474e-05,4.8318003192581474e-05,1D,70300.0,1756771200,usd,2025-09-02
BshVPBvgqSZ9UAsgEaLVnSteGqUR7nLfxfXn6URM4MMb,4.8318003192581474e-05,4.8318003192581474e-05,4.8318003192581474e-05,4.8318003192581474e-05,1D,0.0,1756857600,usd,2025-09-03
BshVPBvgqSZ9UAsgEaLVnSteGqUR7nLfxfXn6URM4MMb,4.8318003192581474e-05,4.8318003192581474e-05,4.8318003192581474e-05,4.8318003192581474e-05,1D,0.0,1756944000,usd,2025-09-04
BshVPBvgqSZ9UAsgEaLVnSteGqUR7nLfxfXn6URM4MMb,4.8318003192581474e-05,4.8318003192581474e-05,4.8220686271845676e-05,4.8220686271845676e-05,1D,15448.709542178,1757030400,usd,2025-09-05
BshVPBvgqSZ9UAsgEaLVnSteGqUR7nLfxfXn6URM4MMb,4.8220686271845676e-05,4.8220686271845676e-05,4.8220686271845676e-05,4.8220686271845676e-05,1D,0.0,1757116800,usd,2025-09-06
BshVPBvgqSZ9UAsgEaLVnSteGqUR7nLfxfXn6URM4MMb,4.8220686271845676e-05,4.8220686271845676e-05,4.8220686271845676e-05,4.8220686271845676e-05,1D,0.0,1757203200,usd,2025-09-07
BshVPBvgqSZ9UAsgEaLVnSteGqUR7nLfxfXn6URM4MMb,5.10271610769342e-05,4.8220686271845676e-05,4.8220686271845676e-05,5.10271610769342e-05,1D,8285.774569168,1757289600,usd,2025-09-08
BshVPBvgqSZ9UAsgEaLVnSteGqUR7nLfxfXn6URM4MMb,5.1885326640846155e-05,5.10271610769342e-05,5.10271610769342e-05,5.1885326640846155e-05,1D,13788.929158403,1757376000,usd,2025-09-09
BshVPBvgqSZ9UAsgEaLVnSteGqUR7nLfxfXn6URM4MMb,5.2950498129121874e-05,5.1885326640846155e-05,5.1885326640846155e-05,5.2950498129121874e-05,1D,448385.572751952,1757462400,usd,2025-09-10
BshVPBvgqSZ9UAsgEaLVnSteGqUR7nLfxfXn6URM4MMb,5.3614671305268087e-05,5.2950498129121874e-05,5.2950498129121874e-05,5.3614671305268087e-05,1D,58546.551466867,1757548800,usd,2025-09-11
BshVPBvgqSZ9UAsgEaLVnSteGqUR7nLfxfXn6URM4MMb,5.6956782277896644e-05,5.3614671305268087e-05,5.3614671305268087e-05,5.6956782277896644e-05,1D,10991.64650428,1757635200,usd,2025-09-12
BshVPBvgqSZ9UAsgEaLVnSteGqUR7nLfxfXn6URM4MMb,5.6956782277896644e-05,5.6956782277896644e-05,5.6873709814036184e-05,5.6873709814036184e-05,1D,19847.073998801,1757721600,usd,2025-09-13
BshVPBvgqSZ9UAsgEaLVnSteGqUR7nLfxfXn6URM4MMb,5.6873709814036184e-05,5.6873709814036184e-05,5.6873709814036184e-05,5.6873709814036184e-05,1D,0.0,1757808000,usd,2025-09-14
BshVPBvgqSZ9UAsgEaLVnSteGqUR7nLfxfXn6URM4MMb,5.6873709814036184e-05,5.6873709814036184e-05,5.5085458236735956e-05,5.5085458236735956e-05,1D,35000.0,1757894400,usd,2025-09-15
BshVPBvgqSZ9UAsgEaLVnSteGqUR7nLfxfXn6URM4MMb,5.5085458236735956e-05,5.5085458236735956e-05,5.5085458236735956e-05,5.5085458236735956e-05,1D,0.0,1757980800,usd,2025-09-16
BshVPBvgqSZ9UAsgEaLVnSteGqUR7nLfxfXn6URM4MMb,5.5085458236735956e-05,5.5085458236735956e-05,5.5085458236735956e-05,5.5085458236735956e-05,1D,0.0,1758067200,usd,2025-09-17
BshVPBvgqSZ9UAsgEaLVnSteGqUR7nLfxfXn6URM4MMb,5.5085458236735956e-05,5.5085458236735956e-05,5.5085458236735956e-05,5.5085458236735956e-05,1D,0.0,1758153600,usd,2025-09-18
BshVPBvgqSZ9UAsgEaLVnSteGqUR7nLfxfXn6URM4MMb,5.631453157140129e-05,5.5085458236735956e-05,5.5085458236735956e-05,5.631453157140129e-05,1D,75557.816787046,1758240000,usd,2025-09-19
BshVPBvgqSZ9UAsgEaLVnSteGqUR7nLfxfXn6URM4MMb,5.631453157140129e-05,5.631453157140129e-05,5.631453157140129e-05,5.631453157140129e-05,1D,0.0,1758326400,usd,2025-09-20
BshVPBvgqSZ9UAsgEaLVnSteGqUR7nLfxfXn6URM4MMb,5.631453157140129e-05,5.631453157140129e-05,5.631453157140129e-05,5.631453157140129e-05,1D,0.0,1758412800,usd,2025-09-21
BshVPBvgqSZ9UAsgEaLVnSteGqUR7nLfxfXn6URM4MMb,5.631453157140129e-05,5.631453157140129e-05,5.631453157140129e-05,5.631453157140129e-05,1D,0.0,1758499200,usd,2025-09-22
BshVPBvgqSZ9UAsgEaLVnSteGqUR7nLfxfXn6URM4MMb,5.631453157140129e-05,5.631453157140129e-05,5.631453157140129e-05,5.631453157140129e-05,1D,0.0,1758585600,usd,2025-09-23
BshVPBvgqSZ9UAsgEaLVnSteGqUR7nLfxfXn6URM4MMb,5.631453157140129e-05,5.631453157140129e-05,5.631453157140129e-05,5.631453157140129e-05,1D,0.0,1758672000,usd,2025-09-24
BshVPBvgqSZ9UAsgEaLVnSteGqUR7nLfxfXn6URM4MMb,5.631453157140129e-05,5.631453157140129e-05,5.631453157140129e-05,5.631453157140129e-05,1D,0.0,1758758400,usd,2025-09-25
BshVPBvgqSZ9UAsgEaLVnSteGqUR7nLfxfXn6URM4MMb,5.631453157140129e-05,5.631453157140129e-05,5.631453157140129e-05,5.631453157140129e-05,1D,0.0,1758844800,usd,2025-09-26
BshVPBvgqSZ9UAsgEaLVnSteGqUR7nLfxfXn6URM4MMb,5.631453157140129e-05,5.631453157140129e-05,4.828360032169326e-05,4.828360032169326e-05,1D,14767.330175668,1758931200,usd,2025-09-27
BshVPBvgqSZ9UAsgEaLVnSteGqUR7nLfxfXn6URM4MMb,4.828360032169326e-05,4.828360032169326e-05,4.828360032169326e-05,4.828360032169326e-05,1D,0.0,1759017600,usd,2025-09-28
BshVPBvgqSZ9UAsgEaLVnSteGqUR7nLfxfXn6URM4MMb,4.978489964441396e-05,4.828360032169326e-05,4.828360032169326e-05,4.978489964441396e-05,1D,341451.931421493,1759104000,usd,2025-09-29
BshVPBvgqSZ9UAsgEaLVnSteGqUR7nLfxfXn6URM4MMb,4.978489964441396e-05,4.978489964441396e-05,4.932994931221167e-05,4.932994931221167e-05,1D,197564.032772773,1759190400,usd,2025-09-30
BshVPBvgqSZ9UAsgEaLVnSteGqUR7nLfxfXn6URM4MMb,4.932994931221167e-05,4.932994931221167e-05,4.932994931221167e-05,4.932994931221167e-05,1D,0.0,1759276800,usd,2025-10-01
BshVPBvgqSZ9UAsgEaLVnSteGqUR7nLfxfXn6URM4MMb,4.932994931221167e-05,4.932994931221167e-05,4.932994931221167e-05,4.932994931221167e-05,1D,0.0,1759363200,usd,2025-10-02
BshVPBvgqSZ9UAsgEaLVnSteGqUR7nLfxfXn6URM4MMb,4.932994931221167e-05,4.932994931221167e-05,4.932994931221167e-05,4.932994931221167e-05,1D,0.0,1759449600,usd,2025-10-03
BshVPBvgqSZ9UAsgEaLVnSteGqUR7nLfxfXn6URM4MMb,4.932994931221167e-05,4.932994931221167e-05,4.932994931221167e-05,4.932994931221167e-05,1D,0.0,1759536000,usd,2025-10-04
BshVPBvgqSZ9UAsgEaLVnSteGqUR7nLfxfXn6URM4MMb,4.932994931221167e-05,4.932994931221167e-05,4.932994931221167e-05,4.932994931221167e-05,1D,0.0,1759622400,usd,2025-10-05
BshVPBvgqSZ9UAsgEaLVnSteGqUR7nLfxfXn6URM4MMb,5.5970620323443675e-05,4.932994931221167e-05,4.932994931221167e-05,5.5970620323443675e-05,1D,9013.2039,1759708800,usd,2025-10-06
BshVPBvgqSZ9UAsgEaLVnSteGqUR7nLfxfXn6URM4MMb,5.5970620323443675e-05,5.5970620323443675e-05,5.523135622123223e-05,5.523135622123223e-05,1D,21548.065061151,1759795200,usd,2025-10-07
BshVPBvgqSZ9UAsgEaLVnSteGqUR7nLfxfXn6URM4MMb,5.523135622123223e-05,5.523135622123223e-05,5.523135622123223e-05,5.523135622123223e-05,1D,0.0,1759881600,usd,2025-10-08
BshVPBvgqSZ9UAsgEaLVnSteGqUR7nLfxfXn6URM4MMb,5.523135622123223e-05,5.523135622123223e-05,5.523135622123223e-05,5.523135622123223e-05,1D,0.0,1759968000,usd,2025-10-09
BshVPBvgqSZ9UAsgEaLVnSteGqUR7nLfxfXn6URM4MMb,5.523135622123223e-05,5.523135622123223e-05,5.523135622123223e-05,5.523135622123223e-05,1D,0.0,1760054400,usd,2025-10-10
BshVPBvgqSZ9UAsgEaLVnSteGqUR7nLfxfXn6URM4MMb,5.523135622123223e-05,5.523135622123223e-05,5.523135622123223e-05,5.523135622123223e-05,1D,0.0,1760140800,usd,2025-10-11
BshVPBvgqSZ9UAsgEaLVnSteGqUR7nLfxfXn6URM4MMb,5.523135622123223e-05,5.523135622123223e-05,5.523135622123223e-05,5.523135622123223e-05,1D,0.0,1760227200,usd,2025-10-12
BshVPBvgqSZ9UAsgEaLVnSteGqUR7nLfxfXn6URM4MMb,5.523135622123223e-05,5.523135622123223e-05,5.523135622123223e-05,5.523135622123223e-05,1D,0.0,1760313600,usd,2025-10-13
BshVPBvgqSZ9UAsgEaLVnSteGqUR7nLfxfXn6URM4MMb,5.523135622123223e-05,5.523135622123223e-05,5.523135622123223e-05,5.523135622123223e-05,1D,0.0,1760400000,usd,2025-10-14
BshVPBvgqSZ9UAsgEaLVnSteGqUR7nLfxfXn6URM4MMb,5.523135622123223e-05,5.523135622123223e-05,5.523135622123223e-05,5.523135622123223e-05,1D,0.0,1760486400,usd,2025-10-15
BshVPBvgqSZ9UAsgEaLVnSteGqUR7nLfxfXn6URM4MMb,5.523135622123223e-05,5.523135622123223e-05,5.523135622123223e-05,5.523135622123223e-05,1D,0.0,1760572800,usd,2025-10-16
BshVPBvgqSZ9UAsgEaLVnSteGqUR7nLfxfXn6URM4MMb,5.523135622123223e-05,5.523135622123223e-05,5.523135622123223e-05,5.523135622123223e-05,1D,0.0,1760659200,usd,2025-10-17
BshVPBvgqSZ9UAsgEaLVnSteGqUR7nLfxfXn6URM4MMb,5.523135622123223e-05,5.523135622123223e-05,5.523135622123223e-05,5.523135622123223e-05,1D,0.0,1760745600,usd,2025-10-18
BshVPBvgqSZ9UAsgEaLVnSteGqUR7nLfxfXn6URM4MMb,5.523135622123223e-05,5.523135622123223e-05,5.523135622123223e-05,5.523135622123223e-05,1D,0.0,1760832000,usd,2025-10-19
BshVPBvgqSZ9UAsgEaLVnSteGqUR7nLfxfXn6URM4MMb,5.523135622123223e-05,5.523135622123223e-05,5.523135622123223e-05,5.523135622123223e-05,1D,0.0,1760918400,usd,2025-10-20
BshVPBvgqSZ9UAsgEaLVnSteGqUR7nLfxfXn6URM4MMb,5.523135622123223e-05,5.523135622123223e-05,5.523135622123223e-05,5.523135622123223e-05,1D,0.0,1761004800,usd,2025-10-21
BshVPBvgqSZ9UAsgEaLVnSteGqUR7nLfxfXn6URM4MMb,5.523135622123223e-05,5.523135622123223e-05,5.523135622123223e-05,5.523135622123223e-05,1D,0.0,1761091200,usd,2025-10-22
BshVPBvgqSZ9UAsgEaLVnSteGqUR7nLfxfXn6URM4MMb,5.523135622123223e-05,5.523135622123223e-05,5.523135622123223e-05,5.523135622123223e-05,1D,0.0,1761177600,usd,2025-10-23
BshVPBvgqSZ9UAsgEaLVnSteGqUR7nLfxfXn6URM4MMb,5.523135622123223e-05,5.523135622123223e-05,4.5642017506707605e-05,4.5642017506707605e-05,1D,15209.606026747,1761264000,usd,2025-10-24
BshVPBvgqSZ9UAsgEaLVnSteGqUR7nLfxfXn6URM4MMb,4.5642017506707605e-05,4.5642017506707605e-05,4.5642017506707605e-05,4.5642017506707605e-05,1D,0.0,1761350400,usd,2025-10-25
BshVPBvgqSZ9UAsgEaLVnSteGqUR7nLfxfXn6URM4MMb,4.5642017506707605e-05,4.5642017506707605e-05,4.5642017506707605e-05,4.5642017506707605e-05,1D,0.0,1761436800,usd,2025-10-26
BshVPBvgqSZ9UAsgEaLVnSteGqUR7nLfxfXn6URM4MMb,4.5642017506707605e-05,4.5642017506707605e-05,4.5642017506707605e-05,4.5642017506707605e-05,1D,0.0,1761523200,usd,2025-10-27
BshVPBvgqSZ9UAsgEaLVnSteGqUR7nLfxfXn6URM4MMb,4.5642017506707605e-05,4.5642017506707605e-05,4.5642017506707605e-05,4.5642017506707605e-05,1D,0.0,1761609600,usd,2025-10-28
BshVPBvgqSZ9UAsgEaLVnSteGqUR7nLfxfXn6URM4MMb,4.6473026648355994e-05,4.5642017506707605e-05,4.5642017506707605e-05,4.6473026648355994e-05,1D,846900.196114401,1761696000,usd,2025-10-29
BshVPBvgqSZ9UAsgEaLVnSteGqUR7nLfxfXn6URM4MMb,4.6473026648355994e-05,4.6473026648355994e-05,4.6473026648355994e-05,4.6473026648355994e-05,1D,0.0,1761782400,usd,2025-10-30
BshVPBvgqSZ9UAsgEaLVnSteGqUR7nLfxfXn6URM4MMb,4.6473026648355994e-05,4.6473026648355994e-05,4.6473026648355994e-05,4.6473026648355994e-05,1D,0.0,1761868800,usd,2025-10-31
BshVPBvgqSZ9UAsgEaLVnSteGqUR7nLfxfXn6URM4MMb,4.6473026648355994e-05,4.6473026648355994e-05,4.6473026648355994e-05,4.6473026648355994e-05,1D,0.0,1761955200,usd,2025-11-01
BshVPBvgqSZ9UAsgEaLVnSteGqUR7nLfxfXn6URM4MMb,4.6473026648355994e-05,4.6473026648355994e-05,4.6473026648355994e-05,4.6473026648355994e-05,1D,0.0,1762041600,usd,2025-11-02
BshVPBvgqSZ9UAsgEaLVnSteGqUR7nLfxfXn6URM4MMb,4.6473026648355994e-05,4.6473026648355994e-05,4.6473026648355994e-05,4.6473026648355994e-05,1D,0.0,1762128000,usd,2025-11-03
BshVPBvgqSZ9UAsgEaLVnSteGqUR7nLfxfXn6URM4MMb,4.6473026648355994e-05,4.6473026648355994e-05,3.6149545993901196e-05,3.6149545993901196e-05,1D,162670.028618865,1762214400,usd,2025-11-04
BshVPBvgqSZ9UAsgEaLVnSteGqUR7nLfxfXn6URM4MMb,3.6149545993901196e-05,3.6149545993901196e-05,3.6149545993901196e-05,3.6149545993901196e-05,1D,0.0,1762300800,usd,2025-11-05
BshVPBvgqSZ9UAsgEaLVnSteGqUR7nLfxfXn6URM4MMb,3.6149545993901196e-05,3.6149545993901196e-05,3.6149545993901196e-05,3.6149545993901196e-05,1D,0.0,1762387200,usd,2025-11-06
BshVPBvgqSZ9UAsgEaLVnSteGqUR7nLfxfXn6URM4MMb,3.6149545993901196e-05,3.6149545993901196e-05,3.6149545993901196e-05,3.6149545993901196e-05,1D,0.0,1762473600,usd,2025-11-07
BshVPBvgqSZ9UAsgEaLVnSteGqUR7nLfxfXn6URM4MMb,3.6149545993901196e-05,3.6149545993901196e-05,3.6149545993901196e-05,3.6149545993901196e-05,1D,0.0,1762560000,usd,2025-11-08
BshVPBvgqSZ9UAsgEaLVnSteGqUR7nLfxfXn6URM4MMb,3.6149545993901196e-05,3.6149545993901196e-05,3.6149545993901196e-05,3.6149545993901196e-05,1D,0.0,1762646400,usd,2025-11-09
BshVPBvgqSZ9UAsgEaLVnSteGqUR7nLfxfXn6URM4MMb,3.6149545993901196e-05,3.6149545993901196e-05,3.6149545993901196e-05,3.6149545993901196e-05,1D,0.0,1762732800,usd,2025-11-10
BshVPBvgqSZ9UAsgEaLVnSteGqUR7nLfxfXn6URM4MMb,3.6149545993901196e-05,3.6149545993901196e-05,3.6149545993901196e-05,3.6149545993901196e-05,1D,0.0,1762819200,usd,2025-11-11
BshVPBvgqSZ9UAsgEaLVnSteGqUR7nLfxfXn6URM4MMb,3.638094683550647e-05,3.6149545993901196e-05,3.6149545993901196e-05,3.638094683550647e-05,1D,109062.999512554,1762905600,usd,2025-11-12
BshVPBvgqSZ9UAsgEaLVnSteGqUR7nLfxfXn6URM4MMb,3.638094683550647e-05,3.638094683550647e-05,3.638094683550647e-05,3.638094683550647e-05,1D,0.0,1762992000,usd,2025-11-13
BshVPBvgqSZ9UAsgEaLVnSteGqUR7nLfxfXn6URM4MMb,3.638094683550647e-05,3.638094683550647e-05,3.638094683550647e-05,3.638094683550647e-05,1D,0.0,1763078400,usd,2025-11-14
BshVPBvgqSZ9UAsgEaLVnSteGqUR7nLfxfXn6URM4MMb,3.638094683550647e-05,3.638094683550647e-05,3.638094683550647e-05,3.638094683550647e-05,1D,1233.004301524,1763164800,usd,2025-11-15
BshVPBvgqSZ9UAsgEaLVnSteGqUR7nLfxfXn6URM4MMb,3.638094683550647e-05,3.638094683550647e-05,3.638094683550647e-05,3.638094683550647e-05,1D,0.0,1763251200,usd,2025-11-16
BshVPBvgqSZ9UAsgEaLVnSteGqUR7nLfxfXn6URM4MMb,3.638094683550647e-05,3.638094683550647e-05,3.638094683550647e-05,3.638094683550647e-05,1D,0.0,1763337600,usd,2025-11-17
BshVPBvgqSZ9UAsgEaLVnSteGqUR7nLfxfXn6URM4MMb,3.638094683550647e-05,3.638094683550647e-05,3.638094683550647e-05,3.638094683550647e-05,1D,0.0,1763424000,usd,2025-11-18
BshVPBvgqSZ9UAsgEaLVnSteGqUR7nLfxfXn6URM4MMb,3.638094683550647e-05,3.638094683550647e-05,3.638094683550647e-05,3.638094683550647e-05,1D,0.0,1763510400,usd,2025-11-19
BshVPBvgqSZ9UAsgEaLVnSteGqUR7nLfxfXn6URM4MMb,3.638094683550647e-05,3.638094683550647e-05,3.638094683550647e-05,3.638094683550647e-05,1D,0.0,1763596800,usd,2025-11-20
BshVPBvgqSZ9UAsgEaLVnSteGqUR7nLfxfXn6URM4MMb,3.638094683550647e-05,3.638094683550647e-05,3.638094683550647e-05,3.638094683550647e-05,1D,0.0,1763683200,usd,2025-11-21
BshVPBvgqSZ9UAsgEaLVnSteGqUR7nLfxfXn6URM4MMb,3.638094683550647e-05,3.638094683550647e-05,3.638094683550647e-05,3.638094683550647e-05,1D,0.0,1763769600,usd,2025-11-22
BshVPBvgqSZ9UAsgEaLVnSteGqUR7nLfxfXn6URM4MMb,3.638094683550647e-05,3.638094683550647e-05,3.638094683550647e-05,3.638094683550647e-05,1D,0.0,1763856000,usd,2025-11-23
BshVPBvgqSZ9UAsgEaLVnSteGqUR7nLfxfXn6URM4MMb,3.638094683550647e-05,3.638094683550647e-05,3.638094683550647e-05,3.638094683550647e-05,1D,0.0,1763942400,usd,2025-11-24
BshVPBvgqSZ9UAsgEaLVnSteGqUR7nLfxfXn6URM4MMb,3.638094683550647e-05,3.638094683550647e-05,3.638094683550647e-05,3.638094683550647e-05,1D,0.0,1764028800,usd,2025-11-25
BshVPBvgqSZ9UAsgEaLVnSteGqUR7nLfxfXn6URM4MMb,3.638094683550647e-05,3.638094683550647e-05,3.638094683550647e-05,3.638094683550647e-05,1D,0.0,1764115200,usd,2025-11-26
BshVPBvgqSZ9UAsgEaLVnSteGqUR7nLfxfXn6URM4MMb,3.638094683550647e-05,3.638094683550647e-05,3.638094683550647e-05,3.638094683550647e-05,1D,0.0,1764201600,usd,2025-11-27
BshVPBvgqSZ9UAsgEaLVnSteGqUR7nLfxfXn6URM4MMb,3.638094683550647e-05,3.638094683550647e-05,3.638094683550647e-05,3.638094683550647e-05,1D,0.0,1764288000,usd,2025-11-28
BshVPBvgqSZ9UAsgEaLVnSteGqUR7nLfxfXn6URM4MMb,3.638094683550647e-05,3.638094683550647e-05,3.638094683550647e-05,3.638094683550647e-05,1D,0.0,1764374400,usd,2025-11-29
BshVPBvgqSZ9UAsgEaLVnSteGqUR7nLfxfXn6URM4MMb,3.638094683550647e-05,3.638094683550647e-05,3.638094683550647e-05,3.638094683550647e-05,1D,0.0,1764460800,usd,2025-11-30
BshVPBvgqSZ9UAsgEaLVnSteGqUR7nLfxfXn6URM4MMb,3.638094683550647e-05,3.638094683550647e-05,3.638094683550647e-05,3.638094683550647e-05,1D,0.0,1764547200,usd,2025-12-01
BshVPBvgqSZ9UAsgEaLVnSteGqUR7nLfxfXn6URM4MMb,3.638094683550647e-05,3.638094683550647e-05,3.638094683550647e-05,3.638094683550647e-05,1D,0.0,1764633600,usd,2025-12-02
BshVPBvgqSZ9UAsgEaLVnSteGqUR7nLfxfXn6URM4MMb,3.638094683550647e-05,3.638094683550647e-05,3.638094683550647e-05,3.638094683550647e-05,1D,0.0,1764720000,usd,2025-12-03
BshVPBvgqSZ9UAsgEaLVnSteGqUR7nLfxfXn6URM4MMb,3.638094683550647e-05,3.638094683550647e-05,3.638094683550647e-05,3.638094683550647e-05,1D,0.0,1764806400,usd,2025-12-04
BshVPBvgqSZ9UAsgEaLVnSteGqUR7nLfxfXn6URM4MMb,3.638094683550647e-05,3.638094683550647e-05,3.638094683550647e-05,3.638094683550647e-05,1D,0.0,1764892800,usd,2025-12-05
BshVPBvgqSZ9UAsgEaLVnSteGqUR7nLfxfXn6URM4MMb,3.638094683550647e-05,3.638094683550647e-05,3.638094683550647e-05,3.638094683550647e-05,1D,0.0,1764979200,usd,2025-12-06
BshVPBvgqSZ9UAsgEaLVnSteGqUR7nLfxfXn6URM4MMb,3.638094683550647e-05,3.638094683550647e-05,3.638094683550647e-05,3.638094683550647e-05,1D,0.0,1765065600,usd,2025-12-07
BshVPBvgqSZ9UAsgEaLVnSteGqUR7nLfxfXn6URM4MMb,3.638094683550647e-05,3.638094683550647e-05,3.638094683550647e-05,3.638094683550647e-05,1D,0.0,1765152000,usd,2025-12-08
BshVPBvgqSZ9UAsgEaLVnSteGqUR7nLfxfXn6URM4MMb,3.638094683550647e-05,3.638094683550647e-05,3.638094683550647e-05,3.638094683550647e-05,1D,0.0,1765238400,usd,2025-12-09
BshVPBvgqSZ9UAsgEaLVnSteGqUR7nLfxfXn6URM4MMb,3.638094683550647e-05,3.638094683550647e-05,3.2467347829148967e-05,3.2467347829148967e-05,1D,1041092.055538636,1765324800,usd,2025-12-10
BshVPBvgqSZ9UAsgEaLVnSteGqUR7nLfxfXn6URM4MMb,3.2467347829148967e-05,3.2467347829148967e-05,3.179490814768847e-05,3.179490814768847e-05,1D,138392.117485485,1765411200,usd,2025-12-11
