open,high,low,close,volume,unixTime,address,type,currency,timestamp
0.8183880225291681,0.8469694659763563,0.8183880225291681,0.8183880225291681,7.60594512,1742515200,DN4L5JE9VuGpMt1SsEWqyybUqyrYuWuywmTq7Q5GVDFK,1D,usd,2025-03-21
0.8183880225291681,0.8295561247513021,0.8183880225291681,0.8258302396304121,2567.8914724799997,1742601600,DN4L5JE9VuGpMt1SsEWqyybUqyrYuWuywmTq7Q5GVDFK,1D,usd,2025-03-22
0.8258302396304121,0.8293951117198075,0.8239334040762768,0.8239334040762768,1227.12202417,1742688000,DN4L5JE9VuGpMt1SsEWqyybUqyrYuWuywmTq7Q5GVDFK,1D,usd,2025-03-23
0.8239334040762768,0.9256131459313405,0.8239334040762768,0.9156934994387014,35325.28593346,1742774400,DN4L5JE9VuGpMt1SsEWqyybUqyrYuWuywmTq7Q5GVDFK,1D,usd,2025-03-24
0.9156934994387014,0.9312366911541,0.9156934994387014,0.9254023817301132,7163.37632334,1742860800,DN4L5JE9VuGpMt1SsEWqyybUqyrYuWuywmTq7Q5GVDFK,1D,usd,2025-03-25
0.9254023817301132,0.9703521106922172,0.9254023817301132,0.9377327614574567,25759.097158570003,1742947200,DN4L5JE9VuGpMt1SsEWqyybUqyrYuWuywmTq7Q5GVDFK,1D,usd,2025-03-26
0.9377327614574567,0.9778372368911209,0.937686406781123,0.9474310622004154,34895.787674210005,1743033600,DN4L5JE9VuGpMt1SsEWqyybUqyrYuWuywmTq7Q5GVDFK,1D,usd,2025-03-27
0.9474310622004154,0.9511785633459326,0.84482508516036,0.84482508516036,30557.533465940003,1743120000,DN4L5JE9VuGpMt1SsEWqyybUqyrYuWuywmTq7Q5GVDFK,1D,usd,2025-03-28
0.84482508516036,0.84482508516036,0.7788231784448266,0.7788231784448266,25322.95171734,1743206400,DN4L5JE9VuGpMt1SsEWqyybUqyrYuWuywmTq7Q5GVDFK,1D,usd,2025-03-29
0.7788231784448266,0.7992580168850327,0.7740509330606321,0.7802097435413885,23062.47423464,1743292800,DN4L5JE9VuGpMt1SsEWqyybUqyrYuWuywmTq7Q5GVDFK,1D,usd,2025-03-30
0.7802097435413885,0.783074485633096,0.7542012445459512,0.7739671119397393,36468.62043606,1743379200,DN4L5JE9VuGpMt1SsEWqyybUqyrYuWuywmTq7Q5GVDFK,1D,usd,2025-03-31
0.7739671119397393,0.8360561806505693,0.7739671119397393,0.8067894015313135,41586.753259610006,1743465600,DN4L5JE9VuGpMt1SsEWqyybUqyrYuWuywmTq7Q5GVDFK,1D,usd,2025-04-01
0.8067894015313135,0.8067894015313135,0.7204219440811758,0.7245977876958298,74079.42435957,1743552000,DN4L5JE9VuGpMt1SsEWqyybUqyrYuWuywmTq7Q5GVDFK,1D,usd,2025-04-02
0.7245977876958298,0.759606689518674,0.710530543438175,0.7503860651059997,53927.62484869,1743638400,DN4L5JE9VuGpMt1SsEWqyybUqyrYuWuywmTq7Q5GVDFK,1D,usd,2025-04-03
0.7503860651059997,0.7683124871825388,0.7332007185106154,0.7603975456723204,48738.04339730999,1743724800,DN4L5JE9VuGpMt1SsEWqyybUqyrYuWuywmTq7Q5GVDFK,1D,usd,2025-04-04
0.7603975456723204,0.7603975456723204,0.7342685055916065,0.7405704925187425,12170.73678072,1743811200,DN4L5JE9VuGpMt1SsEWqyybUqyrYuWuywmTq7Q5GVDFK,1D,usd,2025-04-05
0.7405704925187425,0.7405704925187425,0.6172784126528836,0.6328963260949346,76588.08918461001,1743897600,DN4L5JE9VuGpMt1SsEWqyybUqyrYuWuywmTq7Q5GVDFK,1D,usd,2025-04-06
0.6328963260949346,0.6707671100590563,0.5934704880242337,0.6508467705717781,155822.42612690004,1743984000,DN4L5JE9VuGpMt1SsEWqyybUqyrYuWuywmTq7Q5GVDFK,1D,usd,2025-04-07
0.6508467705717781,0.6614071651492336,0.6184479356139,0.6185052279904301,51384.44235404,1744070400,DN4L5JE9VuGpMt1SsEWqyybUqyrYuWuywmTq7Q5GVDFK,1D,usd,2025-04-08
0.6185052279904301,0.7072993283432999,0.606122011016052,0.7072993283432999,80890.31034884,1744156800,DN4L5JE9VuGpMt1SsEWqyybUqyrYuWuywmTq7Q5GVDFK,1D,usd,2025-04-09
0.7072993283432999,0.7163933291087389,0.6817537240658025,0.6915286429999999,47564.239637399995,1744243200,DN4L5JE9VuGpMt1SsEWqyybUqyrYuWuywmTq7Q5GVDFK,1D,usd,2025-04-10
0.6915286429999999,0.7426367172623958,0.6915286429999999,0.7426367172623958,32268.983432209996,1744329600,DN4L5JE9VuGpMt1SsEWqyybUqyrYuWuywmTq7Q5GVDFK,1D,usd,2025-04-11
0.7426367172623958,0.7828964089999999,0.7319556395883824,0.7828964089999999,28575.467001529996,1744416000,DN4L5JE9VuGpMt1SsEWqyybUqyrYuWuywmTq7Q5GVDFK,1D,usd,2025-04-12
0.7828964089999999,0.7828964089999999,0.7340425678283888,0.7378192992836087,43839.80159911999,1744502400,DN4L5JE9VuGpMt1SsEWqyybUqyrYuWuywmTq7Q5GVDFK,1D,usd,2025-04-13
0.7378192992836087,0.7717227769996658,0.7378192992836087,0.7432862410000001,65968.61372236,1744588800,DN4L5JE9VuGpMt1SsEWqyybUqyrYuWuywmTq7Q5GVDFK,1D,usd,2025-04-14
0.7432862410000001,0.7478738322669602,0.7115466230557205,0.7115466230557205,39480.28144384001,1744675200,DN4L5JE9VuGpMt1SsEWqyybUqyrYuWuywmTq7Q5GVDFK,1D,usd,2025-04-15
0.7115466230557205,0.7128175707305905,0.68567730729695,0.6923064393925303,63695.11664924999,1744761600,DN4L5JE9VuGpMt1SsEWqyybUqyrYuWuywmTq7Q5GVDFK,1D,usd,2025-04-16
0.6923064393925303,0.71231498407861,0.6855341593299946,0.6980478974603448,40999.28835849,1744848000,DN4L5JE9VuGpMt1SsEWqyybUqyrYuWuywmTq7Q5GVDFK,1D,usd,2025-04-17
0.6980478974603448,0.7214256045624212,0.6959675423876418,0.7062776339089134,19605.905879650003,1744934400,DN4L5JE9VuGpMt1SsEWqyybUqyrYuWuywmTq7Q5GVDFK,1D,usd,2025-04-18
0.7062776339089134,0.7680845354296089,0.7062776339089134,0.7680845354296089,43445.31238758,1745020800,DN4L5JE9VuGpMt1SsEWqyybUqyrYuWuywmTq7Q5GVDFK,1D,usd,2025-04-19
0.7680845354296089,0.7835106827524151,0.743159861484755,0.77648120986485,37576.9940325,1745107200,DN4L5JE9VuGpMt1SsEWqyybUqyrYuWuywmTq7Q5GVDFK,1D,usd,2025-04-20
0.77648120986485,0.7987473691039596,0.7656421219540255,0.7656421219540255,41311.07905975,1745193600,DN4L5JE9VuGpMt1SsEWqyybUqyrYuWuywmTq7Q5GVDFK,1D,usd,2025-04-21
0.7656421219540255,0.8341205015093774,0.7550917726120714,0.8341205015093774,60275.938852750034,1745280000,DN4L5JE9VuGpMt1SsEWqyybUqyrYuWuywmTq7Q5GVDFK,1D,usd,2025-04-22
0.8341205015093774,0.8755123572220171,0.8341205015093774,0.8660679818739347,62040.25257302001,1745366400,DN4L5JE9VuGpMt1SsEWqyybUqyrYuWuywmTq7Q5GVDFK,1D,usd,2025-04-23
0.8660679818739347,0.9198867571943437,0.8433326225931466,0.9145239015752445,99571.14632456003,1745452800,DN4L5JE9VuGpMt1SsEWqyybUqyrYuWuywmTq7Q5GVDFK,1D,usd,2025-04-24
0.9145239015752445,1.0680280606273838,0.8998207641908879,1.0506164748604279,107530.03409546003,1745539200,DN4L5JE9VuGpMt1SsEWqyybUqyrYuWuywmTq7Q5GVDFK,1D,usd,2025-04-25
1.0506164748604279,1.2384240247850493,1.0506164748604279,1.2283877490473274,155694.50857896003,1745625600,DN4L5JE9VuGpMt1SsEWqyybUqyrYuWuywmTq7Q5GVDFK,1D,usd,2025-04-26
1.2283877490473274,1.2285278460787623,1.12397236610308,1.1335418590119894,69424.63877592,1745712000,DN4L5JE9VuGpMt1SsEWqyybUqyrYuWuywmTq7Q5GVDFK,1D,usd,2025-04-27
1.1335418590119894,1.1770277330433192,1.1009280941310262,1.1352718898215302,85945.68601217997,1745798400,DN4L5JE9VuGpMt1SsEWqyybUqyrYuWuywmTq7Q5GVDFK,1D,usd,2025-04-28
1.1352718898215302,1.174684975309106,1.082197415,1.0846726429954614,74978.99265793999,1745884800,DN4L5JE9VuGpMt1SsEWqyybUqyrYuWuywmTq7Q5GVDFK,1D,usd,2025-04-29
1.0846726429954614,1.1579819824846111,1.0185152378976916,1.138681617197732,81517.568965,1745971200,DN4L5JE9VuGpMt1SsEWqyybUqyrYuWuywmTq7Q5GVDFK,1D,usd,2025-04-30
1.138681617197732,1.1619296776629067,1.0327344418672433,1.05549033340512,72311.40701186,1746057600,DN4L5JE9VuGpMt1SsEWqyybUqyrYuWuywmTq7Q5GVDFK,1D,usd,2025-05-01
1.05549033340512,1.0602486458555613,1.0221916459830847,1.0221916459830847,19864.040468220002,1746144000,DN4L5JE9VuGpMt1SsEWqyybUqyrYuWuywmTq7Q5GVDFK,1D,usd,2025-05-02
1.0221916459830847,1.0221916459830847,0.9591899425873852,0.9591899425873852,15987.169914510001,1746230400,DN4L5JE9VuGpMt1SsEWqyybUqyrYuWuywmTq7Q5GVDFK,1D,usd,2025-05-03
0.9591899425873852,0.9591899425873852,0.92511536590512,0.92511536590512,27767.54548834,1746316800,DN4L5JE9VuGpMt1SsEWqyybUqyrYuWuywmTq7Q5GVDFK,1D,usd,2025-05-04
0.92511536590512,0.9569145458040297,0.8596362613010899,0.8764834127736802,51645.756116820005,1746403200,DN4L5JE9VuGpMt1SsEWqyybUqyrYuWuywmTq7Q5GVDFK,1D,usd,2025-05-05
0.8764834127736802,0.9307812102431754,0.8670209762304107,0.9307812102431754,56635.26144006,1746489600,DN4L5JE9VuGpMt1SsEWqyybUqyrYuWuywmTq7Q5GVDFK,1D,usd,2025-05-06
0.9307812102431754,0.9657198156478645,0.9101520354293401,0.9286526368658348,49835.49194414,1746576000,DN4L5JE9VuGpMt1SsEWqyybUqyrYuWuywmTq7Q5GVDFK,1D,usd,2025-05-07
0.9286526368658348,1.0721216756617566,0.9286526368658348,1.0587486834114663,73870.71031154999,1746662400,DN4L5JE9VuGpMt1SsEWqyybUqyrYuWuywmTq7Q5GVDFK,1D,usd,2025-05-08
1.0587486834114663,1.1689209519789163,1.0587486834114663,1.139087515,134479.21715279,1746748800,DN4L5JE9VuGpMt1SsEWqyybUqyrYuWuywmTq7Q5GVDFK,1D,usd,2025-05-09
1.139087515,1.2421977141009715,1.1372054676980055,1.2421977141009715,79039.56195742,1746835200,DN4L5JE9VuGpMt1SsEWqyybUqyrYuWuywmTq7Q5GVDFK,1D,usd,2025-05-10
1.2421977141009715,1.348097215452293,1.2297878328117655,1.2664983088969337,99643.39084876995,1746921600,DN4L5JE9VuGpMt1SsEWqyybUqyrYuWuywmTq7Q5GVDFK,1D,usd,2025-05-11
1.2664983088969337,1.340986059100815,1.2195904031036078,1.2809834075211626,132044.19348468,1747008000,DN4L5JE9VuGpMt1SsEWqyybUqyrYuWuywmTq7Q5GVDFK,1D,usd,2025-05-12
1.2809834075211626,1.325466922945814,1.1883449214454458,1.301513770806492,78288.56171455,1747094400,DN4L5JE9VuGpMt1SsEWqyybUqyrYuWuywmTq7Q5GVDFK,1D,usd,2025-05-13
1.301513770806492,1.3110268678543318,1.2332914617284134,1.2384236725114623,53204.874166129994,1747180800,DN4L5JE9VuGpMt1SsEWqyybUqyrYuWuywmTq7Q5GVDFK,1D,usd,2025-05-14
1.2384236725114623,1.2617598065640798,1.1259160148504161,1.1446570816592774,100376.11295654,1747267200,DN4L5JE9VuGpMt1SsEWqyybUqyrYuWuywmTq7Q5GVDFK,1D,usd,2025-05-15
1.1446570816592774,1.1800324292549458,1.113225638339084,1.113225638339084,43411.95665195,1747353600,DN4L5JE9VuGpMt1SsEWqyybUqyrYuWuywmTq7Q5GVDFK,1D,usd,2025-05-16
1.113225638339084,1.113225638339084,1.0660869883169202,1.0732229624045,28737.83695771,1747440000,DN4L5JE9VuGpMt1SsEWqyybUqyrYuWuywmTq7Q5GVDFK,1D,usd,2025-05-17
1.0732229624045,1.1823271807236146,1.0730521014599468,1.1758589616986603,74148.99298272001,1747526400,DN4L5JE9VuGpMt1SsEWqyybUqyrYuWuywmTq7Q5GVDFK,1D,usd,2025-05-18
1.1758589616986603,1.1848403999611885,1.078334731330211,1.123280314633099,60910.34202327,1747612800,DN4L5JE9VuGpMt1SsEWqyybUqyrYuWuywmTq7Q5GVDFK,1D,usd,2025-05-19
1.123280314633099,1.1542626733173882,1.071691759805787,1.1177251774534664,56567.058400249996,1747699200,DN4L5JE9VuGpMt1SsEWqyybUqyrYuWuywmTq7Q5GVDFK,1D,usd,2025-05-20
1.1177251774534664,1.2645002168736559,1.0976630254325077,1.1984416189815514,105905.42858205999,1747785600,DN4L5JE9VuGpMt1SsEWqyybUqyrYuWuywmTq7Q5GVDFK,1D,usd,2025-05-21
1.1984416189815514,1.6322475219668302,1.1984416189815514,1.5182356250649585,164567.59719483004,1747872000,DN4L5JE9VuGpMt1SsEWqyybUqyrYuWuywmTq7Q5GVDFK,1D,usd,2025-05-22
1.5182356250649585,1.5935381885569273,1.3472018883492196,1.3472018883492196,166132.19312815007,1747958400,DN4L5JE9VuGpMt1SsEWqyybUqyrYuWuywmTq7Q5GVDFK,1D,usd,2025-05-23
1.3472018883492196,1.5004350829487398,1.3472018883492196,1.4053714297816302,82204.96640798001,1748044800,DN4L5JE9VuGpMt1SsEWqyybUqyrYuWuywmTq7Q5GVDFK,1D,usd,2025-05-24
1.4053714297816302,1.42517763084238,1.309726012162354,1.42517763084238,82725.97340040999,1748131200,DN4L5JE9VuGpMt1SsEWqyybUqyrYuWuywmTq7Q5GVDFK,1D,usd,2025-05-25
1.42517763084238,1.4631707291410558,1.350058120500923,1.36280482199475,55942.801378970005,1748217600,DN4L5JE9VuGpMt1SsEWqyybUqyrYuWuywmTq7Q5GVDFK,1D,usd,2025-05-26
1.36280482199475,1.4337876634668374,1.3373799679627199,1.4039584414575095,77439.62923781,1748304000,DN4L5JE9VuGpMt1SsEWqyybUqyrYuWuywmTq7Q5GVDFK,1D,usd,2025-05-27
1.4039584414575095,1.408375528976073,1.316153249226505,1.3657273998105,51910.02731256,1748390400,DN4L5JE9VuGpMt1SsEWqyybUqyrYuWuywmTq7Q5GVDFK,1D,usd,2025-05-28
1.3657273998105,1.3920712535665265,1.3118082320400561,1.3134544088055378,43339.89831396,1748476800,DN4L5JE9VuGpMt1SsEWqyybUqyrYuWuywmTq7Q5GVDFK,1D,usd,2025-05-29
1.3134544088055378,1.3134544088055378,1.128821469732751,1.128821469732751,93980.05348225999,1748563200,DN4L5JE9VuGpMt1SsEWqyybUqyrYuWuywmTq7Q5GVDFK,1D,usd,2025-05-30
1.128821469732751,1.1666617877876395,1.0795939490573376,1.1444559208290495,74374.74915341,1748649600,DN4L5JE9VuGpMt1SsEWqyybUqyrYuWuywmTq7Q5GVDFK,1D,usd,2025-05-31
1.1444559208290495,1.165354568115622,1.101403195480538,1.165354568115622,42610.47868832,1748736000,DN4L5JE9VuGpMt1SsEWqyybUqyrYuWuywmTq7Q5GVDFK,1D,usd,2025-06-01
1.165354568115622,1.1882546557555742,1.111547964759061,1.1882546557555742,56718.714918859994,1748822400,DN4L5JE9VuGpMt1SsEWqyybUqyrYuWuywmTq7Q5GVDFK,1D,usd,2025-06-02
1.1882546557555742,1.2425919258779479,1.1848382135688422,1.1937627352044227,75786.55582888999,1748908800,DN4L5JE9VuGpMt1SsEWqyybUqyrYuWuywmTq7Q5GVDFK,1D,usd,2025-06-03
1.1937627352044227,1.2072479802157143,1.1408948617789774,1.1408948617789774,40697.00760681,1748995200,DN4L5JE9VuGpMt1SsEWqyybUqyrYuWuywmTq7Q5GVDFK,1D,usd,2025-06-04
1.1408948617789774,1.1412582415373007,1.021045813201236,1.0339171264855609,60091.25392673,1749081600,DN4L5JE9VuGpMt1SsEWqyybUqyrYuWuywmTq7Q5GVDFK,1D,usd,2025-06-05
1.0339171264855609,1.0871479739905343,1.0339171264855609,1.067276370220533,37576.71458534,1749168000,DN4L5JE9VuGpMt1SsEWqyybUqyrYuWuywmTq7Q5GVDFK,1D,usd,2025-06-06
1.067276370220533,1.1321229466599672,1.067276370220533,1.1223770964587494,28153.082424250002,1749254400,DN4L5JE9VuGpMt1SsEWqyybUqyrYuWuywmTq7Q5GVDFK,1D,usd,2025-06-07
1.1223770964587494,1.1232362652985075,1.0949495435002856,1.1093275489061347,24810.00090621,1749340800,DN4L5JE9VuGpMt1SsEWqyybUqyrYuWuywmTq7Q5GVDFK,1D,usd,2025-06-08
1.1093275489061347,1.1613352013892453,1.0788046487823417,1.1613352013892453,41409.62942111999,1749427200,DN4L5JE9VuGpMt1SsEWqyybUqyrYuWuywmTq7Q5GVDFK,1D,usd,2025-06-09
1.1613352013892453,1.1906144668717655,1.1300320170308522,1.175411759011048,72573.96515483999,1749513600,DN4L5JE9VuGpMt1SsEWqyybUqyrYuWuywmTq7Q5GVDFK,1D,usd,2025-06-10
1.175411759011048,1.2170743053334163,1.1064571546494055,1.1158483636051848,70525.07576254,1749600000,DN4L5JE9VuGpMt1SsEWqyybUqyrYuWuywmTq7Q5GVDFK,1D,usd,2025-06-11
1.1158483636051848,1.1158483636051848,1.0270226453619473,1.029747478268176,41973.045007199995,1749686400,DN4L5JE9VuGpMt1SsEWqyybUqyrYuWuywmTq7Q5GVDFK,1D,usd,2025-06-12
1.029747478268176,1.029747478268176,0.9506881635193137,1.0002604334603182,62811.81063056001,1749772800,DN4L5JE9VuGpMt1SsEWqyybUqyrYuWuywmTq7Q5GVDFK,1D,usd,2025-06-13
1.0002604334603182,1.0042969128659767,0.9637586332962879,0.977802248475789,24485.439434940006,1749859200,DN4L5JE9VuGpMt1SsEWqyybUqyrYuWuywmTq7Q5GVDFK,1D,usd,2025-06-14
0.977802248475789,0.9933279256825035,0.9693436865603925,0.9795337089528201,21922.693718000006,1749945600,DN4L5JE9VuGpMt1SsEWqyybUqyrYuWuywmTq7Q5GVDFK,1D,usd,2025-06-15
0.9795337089528201,1.022127779141095,0.968850508563081,0.968850508563081,44155.61224836998,1750032000,DN4L5JE9VuGpMt1SsEWqyybUqyrYuWuywmTq7Q5GVDFK,1D,usd,2025-06-16
0.968850508563081,0.968850508563081,0.9055186589640153,0.9132024180483633,58541.62234131001,1750118400,DN4L5JE9VuGpMt1SsEWqyybUqyrYuWuywmTq7Q5GVDFK,1D,usd,2025-06-17
0.9132024180483633,0.9561354850339481,0.8822869683736481,0.9561354850339481,67698.15456218999,1750204800,DN4L5JE9VuGpMt1SsEWqyybUqyrYuWuywmTq7Q5GVDFK,1D,usd,2025-06-18
0.9561354850339481,0.9648722280334698,0.92385802299167,0.9277207078474046,22560.865713460003,1750291200,DN4L5JE9VuGpMt1SsEWqyybUqyrYuWuywmTq7Q5GVDFK,1D,usd,2025-06-19
0.9277207078474046,0.9438451364326544,0.8832148765485976,0.8861465694499625,50302.245724249995,1750377600,DN4L5JE9VuGpMt1SsEWqyybUqyrYuWuywmTq7Q5GVDFK,1D,usd,2025-06-20
0.8861465694499625,0.8904381973816226,0.8263164886318272,0.8615063449162171,33884.219578669996,1750464000,DN4L5JE9VuGpMt1SsEWqyybUqyrYuWuywmTq7Q5GVDFK,1D,usd,2025-06-21
0.8615063449162171,0.8725382211351869,0.7856069325187169,0.828161231129916,75316.16892915999,1750550400,DN4L5JE9VuGpMt1SsEWqyybUqyrYuWuywmTq7Q5GVDFK,1D,usd,2025-06-22
0.828161231129916,0.9250111611223609,0.8068858139704,0.9250111611223609,70920.66641948003,1750636800,DN4L5JE9VuGpMt1SsEWqyybUqyrYuWuywmTq7Q5GVDFK,1D,usd,2025-06-23
0.9250111611223609,0.9507733060417042,0.914127232417797,0.9239263798544712,31046.651378199997,1750723200,DN4L5JE9VuGpMt1SsEWqyybUqyrYuWuywmTq7Q5GVDFK,1D,usd,2025-06-24
0.9239263798544712,0.9315754909028771,0.8806790663536842,0.8806790663536842,27762.79937995,1750809600,DN4L5JE9VuGpMt1SsEWqyybUqyrYuWuywmTq7Q5GVDFK,1D,usd,2025-06-25
0.8806790663536842,0.9049177222811806,0.859129292112,0.8693235866678274,45297.00640893,1750896000,DN4L5JE9VuGpMt1SsEWqyybUqyrYuWuywmTq7Q5GVDFK,1D,usd,2025-06-26
0.8693235866678274,0.8852293259880001,0.8582412429461407,0.8679260369623445,34372.09859102999,1750982400,DN4L5JE9VuGpMt1SsEWqyybUqyrYuWuywmTq7Q5GVDFK,1D,usd,2025-06-27
0.8679260369623445,0.9007022205968056,0.8679260369623445,0.9007022205968056,12830.136455650003,1751068800,DN4L5JE9VuGpMt1SsEWqyybUqyrYuWuywmTq7Q5GVDFK,1D,usd,2025-06-28
0.9007022205968056,0.953129726612375,0.8907723707011523,0.9445006095554064,26063.029018899993,1751155200,DN4L5JE9VuGpMt1SsEWqyybUqyrYuWuywmTq7Q5GVDFK,1D,usd,2025-06-29
0.9445006095554064,0.9445006095554064,0.8864041317151677,0.8932697947244662,61013.17678170999,1751241600,DN4L5JE9VuGpMt1SsEWqyybUqyrYuWuywmTq7Q5GVDFK,1D,usd,2025-06-30
0.8932697947244662,0.8968094598946424,0.8478059105507669,0.8515807391043776,26612.901607740005,1751328000,DN4L5JE9VuGpMt1SsEWqyybUqyrYuWuywmTq7Q5GVDFK,1D,usd,2025-07-01
0.8515807391043776,0.9632517582255943,0.8515807391043776,0.9478227948812694,66659.80024339998,1751414400,DN4L5JE9VuGpMt1SsEWqyybUqyrYuWuywmTq7Q5GVDFK,1D,usd,2025-07-02
0.9478227948812694,0.9808148814672215,0.9267249140013295,0.9485975981128857,57392.69956611997,1751500800,DN4L5JE9VuGpMt1SsEWqyybUqyrYuWuywmTq7Q5GVDFK,1D,usd,2025-07-03
0.9485975981128857,0.9502937886644923,0.8665536862370596,0.8761495760730129,37426.1412345,1751587200,DN4L5JE9VuGpMt1SsEWqyybUqyrYuWuywmTq7Q5GVDFK,1D,usd,2025-07-04
0.8761495760730129,0.886519759873664,0.8651786109215471,0.8671062739137178,14957.323209130001,1751673600,DN4L5JE9VuGpMt1SsEWqyybUqyrYuWuywmTq7Q5GVDFK,1D,usd,2025-07-05
0.8671062739137178,0.9086195353278648,0.8638346327753332,0.8904118975748582,31062.25763121,1751760000,DN4L5JE9VuGpMt1SsEWqyybUqyrYuWuywmTq7Q5GVDFK,1D,usd,2025-07-06
0.8904118975748582,0.9079847290769315,0.8628843908535012,0.8712359962026924,29813.522059329996,1751846400,DN4L5JE9VuGpMt1SsEWqyybUqyrYuWuywmTq7Q5GVDFK,1D,usd,2025-07-07
0.8712359962026924,0.885643921183721,0.8597500766349165,0.876823152990262,25352.852285840003,1751932800,DN4L5JE9VuGpMt1SsEWqyybUqyrYuWuywmTq7Q5GVDFK,1D,usd,2025-07-08
0.876823152990262,0.9169107762827501,0.8622937896716354,0.9169107762827501,47715.125747220016,1752019200,DN4L5JE9VuGpMt1SsEWqyybUqyrYuWuywmTq7Q5GVDFK,1D,usd,2025-07-09
0.9169107762827501,1.0683307865982323,0.9054650901873064,1.067185670173941,82401.52421194004,1752105600,DN4L5JE9VuGpMt1SsEWqyybUqyrYuWuywmTq7Q5GVDFK,1D,usd,2025-07-10
1.067185670173941,1.1383694438814553,1.0235309010375022,1.0439748376252833,119739.56965982002,1752192000,DN4L5JE9VuGpMt1SsEWqyybUqyrYuWuywmTq7Q5GVDFK,1D,usd,2025-07-11
1.0439748376252833,1.0528939493363931,0.9950946423251618,1.0284255318865665,63009.47805251001,1752278400,DN4L5JE9VuGpMt1SsEWqyybUqyrYuWuywmTq7Q5GVDFK,1D,usd,2025-07-12
1.0284255318865665,1.0757234216002052,1.0277045253672779,1.04555029364964,40116.70075768001,1752364800,DN4L5JE9VuGpMt1SsEWqyybUqyrYuWuywmTq7Q5GVDFK,1D,usd,2025-07-13
1.04555029364964,1.1175711374026214,1.038024171133583,1.0490134344281892,70241.66106468,1752451200,DN4L5JE9VuGpMt1SsEWqyybUqyrYuWuywmTq7Q5GVDFK,1D,usd,2025-07-14
1.0490134344281892,1.0838835944759502,1.0042790405473772,1.0838835944759502,78184.23892832,1752537600,DN4L5JE9VuGpMt1SsEWqyybUqyrYuWuywmTq7Q5GVDFK,1D,usd,2025-07-15
1.0838835944759502,1.146652614848613,1.0542689683445332,1.107040285918022,73904.13918339,1752624000,DN4L5JE9VuGpMt1SsEWqyybUqyrYuWuywmTq7Q5GVDFK,1D,usd,2025-07-16
1.107040285918022,1.129706872704148,1.0616350592579014,1.10830194003659,131560.72429707,1752710400,DN4L5JE9VuGpMt1SsEWqyybUqyrYuWuywmTq7Q5GVDFK,1D,usd,2025-07-17
1.10830194003659,1.2071375464676826,1.102884238435651,1.1387698255773124,132071.4334607,1752796800,DN4L5JE9VuGpMt1SsEWqyybUqyrYuWuywmTq7Q5GVDFK,1D,usd,2025-07-18
1.1387698255773124,1.1789197005464964,1.0995836871194031,1.1481750976068668,64491.29278855002,1752883200,DN4L5JE9VuGpMt1SsEWqyybUqyrYuWuywmTq7Q5GVDFK,1D,usd,2025-07-19
1.1481750976068668,1.2801958750969782,1.1430170431477804,1.2326352903414952,78014.82607495003,1752969600,DN4L5JE9VuGpMt1SsEWqyybUqyrYuWuywmTq7Q5GVDFK,1D,usd,2025-07-20
1.2326352903414952,1.285495743387376,1.2006228556193712,1.2440219798288226,76208.25618421992,1753056000,DN4L5JE9VuGpMt1SsEWqyybUqyrYuWuywmTq7Q5GVDFK,1D,usd,2025-07-21
1.2440219798288226,1.3952485500009142,1.168991256132445,1.3952485500009142,153969.80639047004,1753142400,DN4L5JE9VuGpMt1SsEWqyybUqyrYuWuywmTq7Q5GVDFK,1D,usd,2025-07-22
1.3952485500009142,1.3952485500009142,1.1373490322449238,1.1812668917739169,127851.23277450011,1753228800,DN4L5JE9VuGpMt1SsEWqyybUqyrYuWuywmTq7Q5GVDFK,1D,usd,2025-07-23
1.1812668917739169,1.1980959620895828,1.0847840183194992,1.13545106314611,114150.94534482014,1753315200,DN4L5JE9VuGpMt1SsEWqyybUqyrYuWuywmTq7Q5GVDFK,1D,usd,2025-07-24
1.13545106314611,1.1643697193779436,1.0959793409770002,1.1643697193779436,88965.99788948002,1753401600,DN4L5JE9VuGpMt1SsEWqyybUqyrYuWuywmTq7Q5GVDFK,1D,usd,2025-07-25
1.1643697193779436,1.177293174798153,1.1557451670996763,1.161531295713435,17914.164520710005,1753488000,DN4L5JE9VuGpMt1SsEWqyybUqyrYuWuywmTq7Q5GVDFK,1D,usd,2025-07-26
1.161531295713435,1.2209233062492346,1.1587282274901256,1.2147902773896788,28644.77610181999,1753574400,DN4L5JE9VuGpMt1SsEWqyybUqyrYuWuywmTq7Q5GVDFK,1D,usd,2025-07-27
1.2147902773896788,1.2339411906887636,1.1102024464218259,1.1122204758360148,68954.2423617199,1753660800,DN4L5JE9VuGpMt1SsEWqyybUqyrYuWuywmTq7Q5GVDFK,1D,usd,2025-07-28
1.1122204758360148,1.1341878219031096,1.0634913297970296,1.0802979176668304,85301.00302288,1753747200,DN4L5JE9VuGpMt1SsEWqyybUqyrYuWuywmTq7Q5GVDFK,1D,usd,2025-07-29
1.0802979176668304,1.0829857378685375,1.02376264776384,1.0656713069517063,80768.21583860004,1753833600,DN4L5JE9VuGpMt1SsEWqyybUqyrYuWuywmTq7Q5GVDFK,1D,usd,2025-07-30
1.0656713069517063,1.08992174431334,1.0109690770770772,1.0147543952354812,63309.19480233002,1753920000,DN4L5JE9VuGpMt1SsEWqyybUqyrYuWuywmTq7Q5GVDFK,1D,usd,2025-07-31
1.0147543952354812,1.017243130958818,0.959215178976197,0.9640993523556256,84039.07277346,1754006400,DN4L5JE9VuGpMt1SsEWqyybUqyrYuWuywmTq7Q5GVDFK,1D,usd,2025-08-01
0.9640993523556256,0.9733022179110431,0.9241706155801336,0.9368108506938031,45790.77941661998,1754092800,DN4L5JE9VuGpMt1SsEWqyybUqyrYuWuywmTq7Q5GVDFK,1D,usd,2025-08-02
0.9368108506938031,0.9803491800757895,0.929697222944,0.9768003457482972,26178.442193630002,1754179200,DN4L5JE9VuGpMt1SsEWqyybUqyrYuWuywmTq7Q5GVDFK,1D,usd,2025-08-03
0.9768003457482972,1.0089349555153597,0.9768003457482972,0.9997139910129683,22794.24566171,1754265600,DN4L5JE9VuGpMt1SsEWqyybUqyrYuWuywmTq7Q5GVDFK,1D,usd,2025-08-04
0.9997139910129683,0.9997139910129683,0.92792132513184,0.9435623958692491,36094.53280653,1754352000,DN4L5JE9VuGpMt1SsEWqyybUqyrYuWuywmTq7Q5GVDFK,1D,usd,2025-08-05
0.9435623958692491,0.9683099863913347,0.929658609627336,0.962558908685275,29288.939822850007,1754438400,DN4L5JE9VuGpMt1SsEWqyybUqyrYuWuywmTq7Q5GVDFK,1D,usd,2025-08-06
0.962558908685275,1.0212821460290238,0.962558908685275,1.0212821460290238,31770.87846072001,1754524800,DN4L5JE9VuGpMt1SsEWqyybUqyrYuWuywmTq7Q5GVDFK,1D,usd,2025-08-07
1.0212821460290238,1.039741887990901,1.0069084531104897,1.0394082968910539,41953.80963239,1754611200,DN4L5JE9VuGpMt1SsEWqyybUqyrYuWuywmTq7Q5GVDFK,1D,usd,2025-08-08
1.0394082968910539,1.0950735277350097,1.0357348158921187,1.0829138490669545,37438.66798151001,1754697600,DN4L5JE9VuGpMt1SsEWqyybUqyrYuWuywmTq7Q5GVDFK,1D,usd,2025-08-09
1.0829138490669545,1.1011461868707828,1.039790707009164,1.078801524804162,49864.80137601,1754784000,DN4L5JE9VuGpMt1SsEWqyybUqyrYuWuywmTq7Q5GVDFK,1D,usd,2025-08-10
1.078801524804162,1.1040534271716547,0.9962350817634857,0.9962350817634857,82267.68333550998,1754870400,DN4L5JE9VuGpMt1SsEWqyybUqyrYuWuywmTq7Q5GVDFK,1D,usd,2025-08-11
0.9962350817634857,1.0769102048343582,0.9754869318823932,1.0634965636326053,56545.63416033001,1754956800,DN4L5JE9VuGpMt1SsEWqyybUqyrYuWuywmTq7Q5GVDFK,1D,usd,2025-08-12
1.0634965636326053,1.1390536924749928,1.050374540130432,1.1191989104397906,95884.19030605003,1755043200,DN4L5JE9VuGpMt1SsEWqyybUqyrYuWuywmTq7Q5GVDFK,1D,usd,2025-08-13
1.1191989104397906,1.1352821160107986,0.9885694859549664,1.0048637036121535,117756.25825638001,1755129600,DN4L5JE9VuGpMt1SsEWqyybUqyrYuWuywmTq7Q5GVDFK,1D,usd,2025-08-14
1.0048637036121535,1.0226103814212804,0.9584342034774749,0.9853939658410272,65289.73476562003,1755216000,DN4L5JE9VuGpMt1SsEWqyybUqyrYuWuywmTq7Q5GVDFK,1D,usd,2025-08-15
0.9853939658410272,1.0076370453492294,0.9792059487474579,1.0047796665847621,25588.945228129996,1755302400,DN4L5JE9VuGpMt1SsEWqyybUqyrYuWuywmTq7Q5GVDFK,1D,usd,2025-08-16
1.0047796665847621,1.0349355325641039,0.9986722673813012,1.0062145819391486,36364.16199205,1755388800,DN4L5JE9VuGpMt1SsEWqyybUqyrYuWuywmTq7Q5GVDFK,1D,usd,2025-08-17
1.0062145819391486,1.0062145819391486,0.950233328384773,0.9575658466027032,56455.51379104002,1755475200,DN4L5JE9VuGpMt1SsEWqyybUqyrYuWuywmTq7Q5GVDFK,1D,usd,2025-08-18
0.9575658466027032,0.9663126145924198,0.9031769997797168,0.9070316443432839,47363.46735186,1755561600,DN4L5JE9VuGpMt1SsEWqyybUqyrYuWuywmTq7Q5GVDFK,1D,usd,2025-08-19
0.9070316443432839,0.9642956403549509,0.903134388667655,0.9642956403549509,45337.30359284,1755648000,DN4L5JE9VuGpMt1SsEWqyybUqyrYuWuywmTq7Q5GVDFK,1D,usd,2025-08-20
0.9642956403549509,0.9652758140658722,0.9298167766754261,0.937302513242526,35743.332829319996,1755734400,DN4L5JE9VuGpMt1SsEWqyybUqyrYuWuywmTq7Q5GVDFK,1D,usd,2025-08-21
0.937302513242526,1.0309447178516096,0.9035413758889888,1.0309447178516096,79001.10269903,1755820800,DN4L5JE9VuGpMt1SsEWqyybUqyrYuWuywmTq7Q5GVDFK,1D,usd,2025-08-22
1.0309447178516096,1.0309447178516096,0.9929987871784612,1.009627199279,65980.52331168,1755907200,DN4L5JE9VuGpMt1SsEWqyybUqyrYuWuywmTq7Q5GVDFK,1D,usd,2025-08-23
1.009627199279,1.028609382022024,0.9632740192794153,0.976068573976439,79135.27433974002,1755993600,DN4L5JE9VuGpMt1SsEWqyybUqyrYuWuywmTq7Q5GVDFK,1D,usd,2025-08-24
0.976068573976439,0.9836244647427871,0.8786874908270388,0.8836808630297432,79736.61724145994,1756080000,DN4L5JE9VuGpMt1SsEWqyybUqyrYuWuywmTq7Q5GVDFK,1D,usd,2025-08-25
0.8836808630297432,0.9526255880242673,0.8836808630297432,0.9525822354922935,65870.04846450001,1756166400,DN4L5JE9VuGpMt1SsEWqyybUqyrYuWuywmTq7Q5GVDFK,1D,usd,2025-08-26
0.9525822354922935,0.9664317875311019,0.9377998898697337,0.9393465945631643,39668.14740363,1756252800,DN4L5JE9VuGpMt1SsEWqyybUqyrYuWuywmTq7Q5GVDFK,1D,usd,2025-08-27
0.9393465945631643,0.9648425105455724,0.9316852309168423,0.9648425105455724,39285.092367770005,1756339200,DN4L5JE9VuGpMt1SsEWqyybUqyrYuWuywmTq7Q5GVDFK,1D,usd,2025-08-28
0.9648425105455724,0.9648425105455724,0.899875174601085,0.9077106576253436,50695.534871719996,1756425600,DN4L5JE9VuGpMt1SsEWqyybUqyrYuWuywmTq7Q5GVDFK,1D,usd,2025-08-29
0.9077106576253436,0.9211709341705577,0.894593942351244,0.9033526663607581,20557.10634921,1756512000,DN4L5JE9VuGpMt1SsEWqyybUqyrYuWuywmTq7Q5GVDFK,1D,usd,2025-08-30
0.9033526663607581,0.9163781370952448,0.887508596025477,0.887508596025477,20683.217348140002,1756598400,DN4L5JE9VuGpMt1SsEWqyybUqyrYuWuywmTq7Q5GVDFK,1D,usd,2025-08-31
0.887508596025477,0.9066128425553148,0.8447826228535231,0.8558409536195333,49997.52444286001,1756684800,DN4L5JE9VuGpMt1SsEWqyybUqyrYuWuywmTq7Q5GVDFK,1D,usd,2025-09-01
0.8558409536195333,0.8911217662065725,0.8558409536195333,0.8862314239295626,41567.95739184001,1756771200,DN4L5JE9VuGpMt1SsEWqyybUqyrYuWuywmTq7Q5GVDFK,1D,usd,2025-09-02
0.8862314239295626,0.9078993849589228,0.8843737775475891,0.9029175660641365,13409.206583409996,1756857600,DN4L5JE9VuGpMt1SsEWqyybUqyrYuWuywmTq7Q5GVDFK,1D,usd,2025-09-03
0.9029175660641365,0.9029175660641365,0.8691819185008243,0.8728913191700184,23636.770163369994,1756944000,DN4L5JE9VuGpMt1SsEWqyybUqyrYuWuywmTq7Q5GVDFK,1D,usd,2025-09-04
0.8728913191700184,0.926099542751566,0.8728913191700184,0.9173754490650479,45537.83135569002,1757030400,DN4L5JE9VuGpMt1SsEWqyybUqyrYuWuywmTq7Q5GVDFK,1D,usd,2025-09-05
0.9173754490650479,0.9677609496167714,0.907046878932103,0.9677609496167714,35066.45872266002,1757116800,DN4L5JE9VuGpMt1SsEWqyybUqyrYuWuywmTq7Q5GVDFK,1D,usd,2025-09-06
0.9677609496167714,1.0741712079722865,0.9597269340823318,1.0363650602940135,84581.06398132996,1757203200,DN4L5JE9VuGpMt1SsEWqyybUqyrYuWuywmTq7Q5GVDFK,1D,usd,2025-09-07
1.0363650602940135,1.5787076788259415,1.0363650602940135,1.5653466700691963,408795.80259465985,1757289600,DN4L5JE9VuGpMt1SsEWqyybUqyrYuWuywmTq7Q5GVDFK,1D,usd,2025-09-08
1.5653466700691963,2.17087638259292,1.5653466700691963,1.9410412736545277,506011.7959875101,1757376000,DN4L5JE9VuGpMt1SsEWqyybUqyrYuWuywmTq7Q5GVDFK,1D,usd,2025-09-09
1.9410412736545277,2.0637959233700047,1.76708791048556,1.865200416567485,202647.3435345797,1757462400,DN4L5JE9VuGpMt1SsEWqyybUqyrYuWuywmTq7Q5GVDFK,1D,usd,2025-09-10
1.865200416567485,1.8785113558239184,1.600805321170676,1.6638934516088888,61460.12029026996,1757548800,DN4L5JE9VuGpMt1SsEWqyybUqyrYuWuywmTq7Q5GVDFK,1D,usd,2025-09-11
1.6638934516088888,1.7566675736063555,1.5540041088491425,1.6695216894716427,94760.42572947992,1757635200,DN4L5JE9VuGpMt1SsEWqyybUqyrYuWuywmTq7Q5GVDFK,1D,usd,2025-09-12
1.6695216894716427,1.7284454999645187,1.5899306026374347,1.6544967947646436,66837.46157677996,1757721600,DN4L5JE9VuGpMt1SsEWqyybUqyrYuWuywmTq7Q5GVDFK,1D,usd,2025-09-13
1.6544967947646436,1.7408447144642767,1.57643359231065,1.57643359231065,96212.1152382301,1757808000,DN4L5JE9VuGpMt1SsEWqyybUqyrYuWuywmTq7Q5GVDFK,1D,usd,2025-09-14
1.57643359231065,1.6121685112704724,1.4764172881059363,1.5175285654464286,49244.847466629966,1757894400,DN4L5JE9VuGpMt1SsEWqyybUqyrYuWuywmTq7Q5GVDFK,1D,usd,2025-09-15
1.5175285654464286,1.60645113766507,1.4939679114616782,1.5129472695211383,57267.23985105003,1757980800,DN4L5JE9VuGpMt1SsEWqyybUqyrYuWuywmTq7Q5GVDFK,1D,usd,2025-09-16
1.5129472695211383,1.607055288479546,1.4789873820744537,1.599442459181667,91290.98428061999,1758067200,DN4L5JE9VuGpMt1SsEWqyybUqyrYuWuywmTq7Q5GVDFK,1D,usd,2025-09-17
1.599442459181667,1.695243925965592,1.5622854053319812,1.60331349487235,84837.33154885001,1758153600,DN4L5JE9VuGpMt1SsEWqyybUqyrYuWuywmTq7Q5GVDFK,1D,usd,2025-09-18
1.60331349487235,1.6143135507171706,1.4997661734695207,1.5095721796147805,27719.493513560017,1758240000,DN4L5JE9VuGpMt1SsEWqyybUqyrYuWuywmTq7Q5GVDFK,1D,usd,2025-09-19
1.5095721796147805,1.5333357243455332,1.4868847039278494,1.5055557853110524,20232.459124210007,1758326400,DN4L5JE9VuGpMt1SsEWqyybUqyrYuWuywmTq7Q5GVDFK,1D,usd,2025-09-20
1.5055557853110524,1.524557919982769,1.4397184247724344,1.4677927874445236,42408.03993482999,1758412800,DN4L5JE9VuGpMt1SsEWqyybUqyrYuWuywmTq7Q5GVDFK,1D,usd,2025-09-21
1.4677927874445236,1.4677927874445236,1.3030939914378021,1.394075003006942,115858.90160962993,1758499200,DN4L5JE9VuGpMt1SsEWqyybUqyrYuWuywmTq7Q5GVDFK,1D,usd,2025-09-22
1.394075003006942,1.394075003006942,1.2898349203575874,1.307198748973148,81800.23372534002,1758585600,DN4L5JE9VuGpMt1SsEWqyybUqyrYuWuywmTq7Q5GVDFK,1D,usd,2025-09-23
1.307198748973148,1.359310832434262,1.2592548352378365,1.35660008646185,44755.52709828998,1758672000,DN4L5JE9VuGpMt1SsEWqyybUqyrYuWuywmTq7Q5GVDFK,1D,usd,2025-09-24
1.35660008646185,1.35660008646185,1.2496876752121548,1.2679689559854217,70308.09124399,1758758400,DN4L5JE9VuGpMt1SsEWqyybUqyrYuWuywmTq7Q5GVDFK,1D,usd,2025-09-25
1.2679689559854217,1.3001040457499484,1.240362676808535,1.2815801514788256,45276.08966440999,1758844800,DN4L5JE9VuGpMt1SsEWqyybUqyrYuWuywmTq7Q5GVDFK,1D,usd,2025-09-26
1.2815801514788256,1.3816951909960375,1.2782639457492204,1.2884051257736955,53334.50655487002,1758931200,DN4L5JE9VuGpMt1SsEWqyybUqyrYuWuywmTq7Q5GVDFK,1D,usd,2025-09-27
1.2884051257736955,1.343353094067636,1.2480276045359249,1.3272574199598774,26766.413342450003,1759017600,DN4L5JE9VuGpMt1SsEWqyybUqyrYuWuywmTq7Q5GVDFK,1D,usd,2025-09-28
1.3272574199598774,1.3374206333360485,1.2574445538084489,1.2835821521598936,44241.539614150024,1759104000,DN4L5JE9VuGpMt1SsEWqyybUqyrYuWuywmTq7Q5GVDFK,1D,usd,2025-09-29
1.2835821521598936,1.2835821521598936,1.2220788794813209,1.2414820292657143,24130.24285613,1759190400,DN4L5JE9VuGpMt1SsEWqyybUqyrYuWuywmTq7Q5GVDFK,1D,usd,2025-09-30
1.2414820292657143,1.3259092458557098,1.2369694530464181,1.315638379056301,41466.28336461002,1759276800,DN4L5JE9VuGpMt1SsEWqyybUqyrYuWuywmTq7Q5GVDFK,1D,usd,2025-10-01
1.315638379056301,1.363794623358345,1.2986813954598424,1.3557748075617078,41901.13191460999,1759363200,DN4L5JE9VuGpMt1SsEWqyybUqyrYuWuywmTq7Q5GVDFK,1D,usd,2025-10-02
1.3557748075617078,1.398968066569964,1.3177957842470402,1.342593589099722,77191.02954350007,1759449600,DN4L5JE9VuGpMt1SsEWqyybUqyrYuWuywmTq7Q5GVDFK,1D,usd,2025-10-03
1.342593589099722,1.342593589099722,1.2554151647983678,1.273719269946331,24994.66406636,1759536000,DN4L5JE9VuGpMt1SsEWqyybUqyrYuWuywmTq7Q5GVDFK,1D,usd,2025-10-04
1.273719269946331,1.3209325606661704,1.2550580264898914,1.2550580264898914,39892.095072159995,1759622400,DN4L5JE9VuGpMt1SsEWqyybUqyrYuWuywmTq7Q5GVDFK,1D,usd,2025-10-05
1.2550580264898914,1.3215188074131832,1.247065185909196,1.3092519055928815,34735.08386400999,1759708800,DN4L5JE9VuGpMt1SsEWqyybUqyrYuWuywmTq7Q5GVDFK,1D,usd,2025-10-06
1.3092519055928815,1.3280275463058637,1.2084823458750278,1.2084823458750278,37359.788343039996,1759795200,DN4L5JE9VuGpMt1SsEWqyybUqyrYuWuywmTq7Q5GVDFK,1D,usd,2025-10-07
1.2084823458750278,1.2837907867200975,1.1830577348197928,1.2796498377479648,42537.54368892999,1759881600,DN4L5JE9VuGpMt1SsEWqyybUqyrYuWuywmTq7Q5GVDFK,1D,usd,2025-10-08
1.2796498377479648,1.2796498377479648,1.181751050120502,1.2030460902140085,41902.61016951,1759968000,DN4L5JE9VuGpMt1SsEWqyybUqyrYuWuywmTq7Q5GVDFK,1D,usd,2025-10-09
1.2030460902140085,1.3036584494399872,0.2538810316071903,0.5388809363611667,138873.07332188007,1760054400,DN4L5JE9VuGpMt1SsEWqyybUqyrYuWuywmTq7Q5GVDFK,1D,usd,2025-10-10
0.5388809363611667,0.9530417729855385,0.5388809363611667,0.9174494440256952,41111.841947370005,1760140800,DN4L5JE9VuGpMt1SsEWqyybUqyrYuWuywmTq7Q5GVDFK,1D,usd,2025-10-11
0.9174494440256952,1.04420321035416,0.902393834374718,1.0020137567303427,132071.31574889997,1760227200,DN4L5JE9VuGpMt1SsEWqyybUqyrYuWuywmTq7Q5GVDFK,1D,usd,2025-10-12
1.0020137567303427,1.0168281782933863,0.9702643219040331,1.0073041238124214,114688.29583429993,1760313600,DN4L5JE9VuGpMt1SsEWqyybUqyrYuWuywmTq7Q5GVDFK,1D,usd,2025-10-13
1.0073041238124214,1.0133737486605694,0.9145883863636363,0.9610891701837397,99450.38599237004,1760400000,DN4L5JE9VuGpMt1SsEWqyybUqyrYuWuywmTq7Q5GVDFK,1D,usd,2025-10-14
0.9610891701837397,0.9782469174791171,0.9193534683973111,0.9316755584589215,68407.7499936,1760486400,DN4L5JE9VuGpMt1SsEWqyybUqyrYuWuywmTq7Q5GVDFK,1D,usd,2025-10-15
0.9316755584589215,0.9561351176321958,0.8972271208058805,0.8972271208058805,58249.29349870995,1760572800,DN4L5JE9VuGpMt1SsEWqyybUqyrYuWuywmTq7Q5GVDFK,1D,usd,2025-10-16
0.8972271208058805,0.9064404562301462,0.834332670746202,0.8734584103048244,80528.79667539001,1760659200,DN4L5JE9VuGpMt1SsEWqyybUqyrYuWuywmTq7Q5GVDFK,1D,usd,2025-10-17
0.8734584103048244,0.8977008427893184,0.8734584103048244,0.887369191971388,18714.916870959998,1760745600,DN4L5JE9VuGpMt1SsEWqyybUqyrYuWuywmTq7Q5GVDFK,1D,usd,2025-10-18
0.887369191971388,0.9286348240260553,0.8742476655907679,0.914390021772618,32650.995039619997,1760832000,DN4L5JE9VuGpMt1SsEWqyybUqyrYuWuywmTq7Q5GVDFK,1D,usd,2025-10-19
0.914390021772618,0.9393714403198734,0.8944480327508365,0.9186913771602714,39189.34954093002,1760918400,DN4L5JE9VuGpMt1SsEWqyybUqyrYuWuywmTq7Q5GVDFK,1D,usd,2025-10-20
0.9186913771602714,0.9626247862505056,0.8823079340254757,0.9143186558324468,69688.52275705997,1761004800,DN4L5JE9VuGpMt1SsEWqyybUqyrYuWuywmTq7Q5GVDFK,1D,usd,2025-10-21
0.9143186558324468,0.9143186558324468,0.825974322181799,0.84455512924508,56236.32773826997,1761091200,DN4L5JE9VuGpMt1SsEWqyybUqyrYuWuywmTq7Q5GVDFK,1D,usd,2025-10-22
0.84455512924508,0.8669125155169305,0.8432215835072783,0.8637324599073711,44284.98383102999,1761177600,DN4L5JE9VuGpMt1SsEWqyybUqyrYuWuywmTq7Q5GVDFK,1D,usd,2025-10-23
0.8637324599073711,0.9085223175395172,0.8567659625357684,0.8951846065151785,54586.801829349984,1761264000,DN4L5JE9VuGpMt1SsEWqyybUqyrYuWuywmTq7Q5GVDFK,1D,usd,2025-10-24
0.8951846065151785,0.8985275847989297,0.8741026333965066,0.8985275847989297,12793.440044779996,1761350400,DN4L5JE9VuGpMt1SsEWqyybUqyrYuWuywmTq7Q5GVDFK,1D,usd,2025-10-25
0.8985275847989297,0.9569724789086367,0.8812314567328626,0.9498069956955518,55278.18674729999,1761436800,DN4L5JE9VuGpMt1SsEWqyybUqyrYuWuywmTq7Q5GVDFK,1D,usd,2025-10-26
0.9498069956955518,0.9563529376640281,0.9005253967661341,0.9005253967661341,33872.94507798,1761523200,DN4L5JE9VuGpMt1SsEWqyybUqyrYuWuywmTq7Q5GVDFK,1D,usd,2025-10-27
0.9005253967661341,0.9213937591966257,0.8551114231225595,0.8714576674641388,50954.44048402,1761609600,DN4L5JE9VuGpMt1SsEWqyybUqyrYuWuywmTq7Q5GVDFK,1D,usd,2025-10-28
0.8714576674641388,0.8924992949276548,0.842325351466686,0.8592169496057402,79601.31168509003,1761696000,DN4L5JE9VuGpMt1SsEWqyybUqyrYuWuywmTq7Q5GVDFK,1D,usd,2025-10-29
0.8592169496057402,0.8685068217373925,0.7751703056055436,0.7959581225246153,61331.161658590034,1761782400,DN4L5JE9VuGpMt1SsEWqyybUqyrYuWuywmTq7Q5GVDFK,1D,usd,2025-10-30
0.7959581225246153,0.8134618932559787,0.7816566238942414,0.7974997936190439,41851.02758087,1761868800,DN4L5JE9VuGpMt1SsEWqyybUqyrYuWuywmTq7Q5GVDFK,1D,usd,2025-10-31
0.7974997936190439,0.8940044589709458,0.794462463126918,0.8692499262606765,98401.20122138003,1761955200,DN4L5JE9VuGpMt1SsEWqyybUqyrYuWuywmTq7Q5GVDFK,1D,usd,2025-11-01
0.8692499262606765,0.8692499262606765,0.8231036643246719,0.8424766283741457,36505.00476338001,1762041600,DN4L5JE9VuGpMt1SsEWqyybUqyrYuWuywmTq7Q5GVDFK,1D,usd,2025-11-02
0.8424766283741457,0.8424766283741457,0.7241733477783387,0.7297609190846721,66570.74230489001,1762128000,DN4L5JE9VuGpMt1SsEWqyybUqyrYuWuywmTq7Q5GVDFK,1D,usd,2025-11-03
0.7297609190846721,0.7365147489647844,0.681693740138644,0.7035311042287719,105771.96638493,1762214400,DN4L5JE9VuGpMt1SsEWqyybUqyrYuWuywmTq7Q5GVDFK,1D,usd,2025-11-04
0.7035311042287719,0.7414049968231541,0.6814146639916949,0.7414049968231541,57869.826774389985,1762300800,DN4L5JE9VuGpMt1SsEWqyybUqyrYuWuywmTq7Q5GVDFK,1D,usd,2025-11-05
0.7414049968231541,0.7414049968231541,0.7120958345997517,0.7120958345997517,30458.527996269993,1762387200,DN4L5JE9VuGpMt1SsEWqyybUqyrYuWuywmTq7Q5GVDFK,1D,usd,2025-11-06
0.7120958345997517,0.8615527854517766,0.7118803523954779,0.8291665733450069,156032.88722984,1762473600,DN4L5JE9VuGpMt1SsEWqyybUqyrYuWuywmTq7Q5GVDFK,1D,usd,2025-11-07
0.8291665733450069,0.8461468688628774,0.8005740233869842,0.8138560443190964,67164.42470179999,1762560000,DN4L5JE9VuGpMt1SsEWqyybUqyrYuWuywmTq7Q5GVDFK,1D,usd,2025-11-08
0.8138560443190964,0.8233636324906086,0.7897521843272234,0.814944696469076,39070.11217377999,1762646400,DN4L5JE9VuGpMt1SsEWqyybUqyrYuWuywmTq7Q5GVDFK,1D,usd,2025-11-09
0.814944696469076,0.8442560991236151,0.8126848849577661,0.8272264897802479,62084.63298982,1762732800,DN4L5JE9VuGpMt1SsEWqyybUqyrYuWuywmTq7Q5GVDFK,1D,usd,2025-11-10
0.8272264897802479,0.8432169698117152,0.7880432348730347,0.7880432348730347,41960.92113324002,1762819200,DN4L5JE9VuGpMt1SsEWqyybUqyrYuWuywmTq7Q5GVDFK,1D,usd,2025-11-11
0.7880432348730347,0.8103683505037327,0.7589514463722498,0.7632343058752854,33490.212731659994,1762905600,DN4L5JE9VuGpMt1SsEWqyybUqyrYuWuywmTq7Q5GVDFK,1D,usd,2025-11-12
0.7632343058752854,0.8058805679833898,0.7270156075790866,0.7453350063142008,87994.28547291,1762992000,DN4L5JE9VuGpMt1SsEWqyybUqyrYuWuywmTq7Q5GVDFK,1D,usd,2025-11-13
0.7453350063142008,0.7453350063142008,0.7138321449130035,0.7144761178942819,67757.41883623002,1763078400,DN4L5JE9VuGpMt1SsEWqyybUqyrYuWuywmTq7Q5GVDFK,1D,usd,2025-11-14
0.7144761178942819,0.7270077005638084,0.7034669456061794,0.7034669456061794,13423.23668178,1763164800,DN4L5JE9VuGpMt1SsEWqyybUqyrYuWuywmTq7Q5GVDFK,1D,usd,2025-11-15
0.7034669456061794,0.7034669456061794,0.6638232580824392,0.6740953184730224,52799.18455671001,1763251200,DN4L5JE9VuGpMt1SsEWqyybUqyrYuWuywmTq7Q5GVDFK,1D,usd,2025-11-16
0.6740953184730224,0.6925082719046994,0.6434807727640766,0.6507462091184882,66960.75368394998,1763337600,DN4L5JE9VuGpMt1SsEWqyybUqyrYuWuywmTq7Q5GVDFK,1D,usd,2025-11-17
0.6507462091184882,0.6914248227337639,0.6475048769760576,0.6883965426215193,60701.01933330002,1763424000,DN4L5JE9VuGpMt1SsEWqyybUqyrYuWuywmTq7Q5GVDFK,1D,usd,2025-11-18
0.6883965426215193,0.6883965426215193,0.6358822667388678,0.6657044274832437,37887.10613743,1763510400,DN4L5JE9VuGpMt1SsEWqyybUqyrYuWuywmTq7Q5GVDFK,1D,usd,2025-11-19
0.6657044274832437,0.6999872750971087,0.6373277752919173,0.658178358972928,2856.0491570199997,1763596800,DN4L5JE9VuGpMt1SsEWqyybUqyrYuWuywmTq7Q5GVDFK,1D,usd,2025-11-20
0.658178358972928,0.6592814812007883,0.5746087865125902,0.5897594930999482,7437.76333267,1763683200,DN4L5JE9VuGpMt1SsEWqyybUqyrYuWuywmTq7Q5GVDFK,1D,usd,2025-11-21
0.5897594930999482,0.6106073637033403,0.5897594930999482,0.6006303996517115,1737.0742977899997,1763769600,DN4L5JE9VuGpMt1SsEWqyybUqyrYuWuywmTq7Q5GVDFK,1D,usd,2025-11-22
0.6006303996517115,0.6165715132620567,0.6006303996517115,0.6128013734806167,490.31305838000003,1763856000,DN4L5JE9VuGpMt1SsEWqyybUqyrYuWuywmTq7Q5GVDFK,1D,usd,2025-11-23
0.6128013734806167,0.642017901829206,0.5998455671126123,0.6362060349535554,2080.68176613,1763942400,DN4L5JE9VuGpMt1SsEWqyybUqyrYuWuywmTq7Q5GVDFK,1D,usd,2025-11-24
0.6362060349535554,0.641507245635818,0.6180056103467136,0.641507245635818,1331.73533838,1764028800,DN4L5JE9VuGpMt1SsEWqyybUqyrYuWuywmTq7Q5GVDFK,1D,usd,2025-11-25
0.641507245635818,0.6420713229143171,0.6216691731548247,0.6420713229143171,1018.5231055299998,1764115200,DN4L5JE9VuGpMt1SsEWqyybUqyrYuWuywmTq7Q5GVDFK,1D,usd,2025-11-26
0.6420713229143171,0.6645974205222965,0.6420713229143171,0.6549252850809641,683.68656334,1764201600,DN4L5JE9VuGpMt1SsEWqyybUqyrYuWuywmTq7Q5GVDFK,1D,usd,2025-11-27
0.6549252850809641,0.6643055753008814,0.6405054807632695,0.6466860391640286,1616.23386426,1764288000,DN4L5JE9VuGpMt1SsEWqyybUqyrYuWuywmTq7Q5GVDFK,1D,usd,2025-11-28
0.6466860391640286,0.6524380594819018,0.6347636470170304,0.6347636470170304,381.0892153,1764374400,DN4L5JE9VuGpMt1SsEWqyybUqyrYuWuywmTq7Q5GVDFK,1D,usd,2025-11-29
0.6347636470170304,0.6417556563522278,0.6241584355661738,0.6241584355661738,937.8998189800001,1764460800,DN4L5JE9VuGpMt1SsEWqyybUqyrYuWuywmTq7Q5GVDFK,1D,usd,2025-11-30
0.6241584355661738,0.6241584355661738,0.5752445606851863,0.5752445606851863,1269.14140603,1764547200,DN4L5JE9VuGpMt1SsEWqyybUqyrYuWuywmTq7Q5GVDFK,1D,usd,2025-12-01
0.5752445606851863,0.6521815522355735,0.5752185562410886,0.6312893805830724,1997.01194288,1764633600,DN4L5JE9VuGpMt1SsEWqyybUqyrYuWuywmTq7Q5GVDFK,1D,usd,2025-12-02
0.6312893805830724,0.6389978706049628,0.62353957501428,0.6379743490323293,4244.818242090001,1764720000,DN4L5JE9VuGpMt1SsEWqyybUqyrYuWuywmTq7Q5GVDFK,1D,usd,2025-12-03
0.6379743490323293,0.6411602058222182,0.6309893353471028,0.6309932999594718,9850.756666340003,1764806400,DN4L5JE9VuGpMt1SsEWqyybUqyrYuWuywmTq7Q5GVDFK,1D,usd,2025-12-04
0.6309932999594718,0.6309932999594718,0.576345365598071,0.576345365598071,49785.13216649,1764892800,DN4L5JE9VuGpMt1SsEWqyybUqyrYuWuywmTq7Q5GVDFK,1D,usd,2025-12-05
0.576345365598071,0.5809699445252711,0.5739296757888994,0.576810175180574,10617.293744489996,1764979200,DN4L5JE9VuGpMt1SsEWqyybUqyrYuWuywmTq7Q5GVDFK,1D,usd,2025-12-06
0.576810175180574,0.5933523395462119,0.5695030770061291,0.5710743073890346,82096.99557520999,1765065600,DN4L5JE9VuGpMt1SsEWqyybUqyrYuWuywmTq7Q5GVDFK,1D,usd,2025-12-07
0.5710743073890346,0.6099868860758976,0.5710743073890346,0.609966435255235,113498.9946012401,1765152000,DN4L5JE9VuGpMt1SsEWqyybUqyrYuWuywmTq7Q5GVDFK,1D,usd,2025-12-08
0.609966435255235,0.6451836202704838,0.5913214377268593,0.6451836202704838,115836.41425635995,1765238400,DN4L5JE9VuGpMt1SsEWqyybUqyrYuWuywmTq7Q5GVDFK,1D,usd,2025-12-09
0.6451836202704838,0.648160156208123,0.615884597689534,0.618529616923441,87468.27738631995,1765324800,DN4L5JE9VuGpMt1SsEWqyybUqyrYuWuywmTq7Q5GVDFK,1D,usd,2025-12-10
0.618529616923441,0.618529616923441,0.5843176091099174,0.5884368773860673,32152.538220779992,1765411200,DN4L5JE9VuGpMt1SsEWqyybUqyrYuWuywmTq7Q5GVDFK,1D,usd,2025-12-11
